Country name,Year,Number of people left homeless from disasters
Afghanistan,1954,0
Afghanistan,1956,0
Afghanistan,1963,0
Afghanistan,1969,0
Afghanistan,1971,0
Afghanistan,1972,0
Afghanistan,1973,0
Afghanistan,1976,0
Afghanistan,1978,7500
Afghanistan,1980,0
Afghanistan,1982,0
Afghanistan,1983,6580
Afghanistan,1984,0
Afghanistan,1987,0
Afghanistan,1988,0
Afghanistan,1990,0
Afghanistan,1991,9400
Afghanistan,1992,0
Afghanistan,1993,1000
Afghanistan,1994,0
Afghanistan,1995,7610
Afghanistan,1996,750
Afghanistan,1997,750
Afghanistan,1998,45000
Afghanistan,1999,31275
Afghanistan,2000,0
Afghanistan,2001,250
Afghanistan,2002,10000
Afghanistan,2003,4250
Afghanistan,2004,2700
Afghanistan,2005,6775
Afghanistan,2006,8210
Afghanistan,2007,3480
Afghanistan,2008,180
Afghanistan,2009,3250
Afghanistan,2010,1000
Afghanistan,2011,9700
Afghanistan,2012,3015
Afghanistan,2013,0
Afghanistan,2014,1900
Afghanistan,2015,45100
Afghanistan,2016,0
Afghanistan,2017,1650
Afghanistan,2018,0
Afghanistan,2019,7775
Afghanistan,2020,8625
Afghanistan,2021,0
Afghanistan,2022,18500
Afghanistan,2023,0
Afghanistan,2024,3150
Afghanistan,2025,0
Africa,1900,0
Africa,1903,0
Africa,1906,0
Africa,1907,0
Africa,1909,0
Africa,1910,0
Africa,1911,0
Africa,1912,0
Africa,1913,0
Africa,1914,0
Africa,1920,0
Africa,1926,0
Africa,1927,0
Africa,1939,7500
Africa,1940,0
Africa,1941,0
Africa,1942,0
Africa,1943,0
Africa,1944,0
Africa,1946,0
Africa,1948,0
Africa,1951,0
Africa,1952,0
Africa,1954,129250
Africa,1955,0
Africa,1956,0
Africa,1957,0
Africa,1959,0
Africa,1960,1250
Africa,1961,0
Africa,1962,0
Africa,1963,5000
Africa,1964,3900
Africa,1965,12000
Africa,1966,15900
Africa,1967,3868
Africa,1968,16168
Africa,1969,3955
Africa,1970,0
Africa,1971,0
Africa,1972,10000
Africa,1973,66000
Africa,1974,18000
Africa,1975,0
Africa,1976,28850
Africa,1977,149900
Africa,1978,34000
Africa,1979,5732
Africa,1980,443000
Africa,1981,1085
Africa,1982,152216
Africa,1983,50000
Africa,1984,1970
Africa,1985,166972
Africa,1986,8500
Africa,1987,83700
Africa,1988,1347700
Africa,1989,150000
Africa,1990,32868
Africa,1991,277100
Africa,1992,27520
Africa,1993,38389
Africa,1994,1154061
Africa,1995,358792
Africa,1996,84526
Africa,1997,328220
Africa,1998,267050
Africa,1999,430807
Africa,2000,348100
Africa,2001,21252
Africa,2002,171239
Africa,2003,349474
Africa,2004,351854
Africa,2005,81856
Africa,2006,181998
Africa,2007,644798
Africa,2008,276242
Africa,2009,74272
Africa,2010,261990
Africa,2011,75896
Africa,2012,88728
Africa,2013,7321
Africa,2014,40586
Africa,2015,219325
Africa,2016,169010
Africa,2017,50055
Africa,2018,104193
Africa,2019,6282
Africa,2020,676898
Africa,2021,27427
Africa,2022,10813
Africa,2023,174
Africa,2024,293
Africa,2025,19775
Albania,1905,0
Albania,1920,0
Albania,1930,0
Albania,1931,0
Albania,1942,0
Albania,1946,0
Albania,1962,0
Albania,1967,0
Albania,1979,0
Albania,1981,0
Albania,1982,5000
Albania,1985,1340
Albania,1988,0
Albania,1989,0
Albania,1990,0
Albania,1991,0
Albania,1992,0
Albania,1995,0
Albania,1997,0
Albania,1998,0
Albania,2002,0
Albania,2004,0
Albania,2005,0
Albania,2007,75
Albania,2009,150
Albania,2010,0
Albania,2012,0
Albania,2013,0
Albania,2015,0
Albania,2016,0
Albania,2017,0
Albania,2018,0
Albania,2019,0
Albania,2021,0
Albania,2022,0
Albania,2023,0
Algeria,1910,0
Algeria,1927,0
Algeria,1946,0
Algeria,1952,0
Algeria,1954,129250
Algeria,1960,1250
Algeria,1963,0
Algeria,1965,12000
Algeria,1966,15900
Algeria,1967,200
Algeria,1969,0
Algeria,1973,61000
Algeria,1974,0
Algeria,1979,0
Algeria,1980,443000
Algeria,1981,0
Algeria,1982,0
Algeria,1984,1470
Algeria,1985,15000
Algeria,1987,0
Algeria,1988,200
Algeria,1989,0
Algeria,1992,2250
Algeria,1993,650
Algeria,1994,30000
Algeria,1996,0
Algeria,1997,3000
Algeria,1999,15700
Algeria,2000,0
Algeria,2001,0
Algeria,2002,0
Algeria,2003,200000
Algeria,2004,0
Algeria,2005,1750
Algeria,2006,150
Algeria,2007,0
Algeria,2008,0
Algeria,2009,2500
Algeria,2011,0
Algeria,2012,0
Algeria,2014,0
Algeria,2015,0
Algeria,2017,0
Algeria,2018,0
Algeria,2019,0
Algeria,2020,0
Algeria,2021,18
Algeria,2022,0
Algeria,2023,0
Algeria,2024,0
Algeria,2025,0
American Samoa,1966,0
American Samoa,1989,0
American Samoa,2003,0
American Samoa,2004,3000
American Samoa,2005,0
American Samoa,2009,0
Angola,1981,0
Angola,1985,0
Angola,1989,0
Angola,1990,0
Angola,1991,0
Angola,1992,0
Angola,1997,0
Angola,1998,0
Angola,2000,9000
Angola,2001,0
Angola,2003,825
Angola,2004,1700
Angola,2005,10000
Angola,2006,225
Angola,2007,6000
Angola,2008,0
Angola,2009,5065
Angola,2010,78875
Angola,2011,100
Angola,2012,0
Angola,2013,0
Angola,2015,2000
Angola,2016,5155
Angola,2017,3750
Angola,2018,0
Angola,2019,4535
Angola,2020,0
Angola,2021,0
Angola,2022,0
Angola,2023,0
Angola,2024,0
Anguilla,1919,0
Anguilla,1920,0
Anguilla,1921,0
Anguilla,1922,0
Anguilla,1923,0
Anguilla,1955,0
Anguilla,1960,1000
Anguilla,1979,0
Anguilla,1999,0
Anguilla,2017,0
Antigua and Barbuda,1950,0
Antigua and Barbuda,1960,0
Antigua and Barbuda,1966,0
Antigua and Barbuda,1983,0
Antigua and Barbuda,1989,530
Antigua and Barbuda,1990,0
Antigua and Barbuda,1995,3537
Antigua and Barbuda,1998,2000
Antigua and Barbuda,1999,1439
Antigua and Barbuda,2008,0
Antigua and Barbuda,2010,0
Antigua and Barbuda,2017,0
Argentina,1920,0
Argentina,1944,0
Argentina,1958,0
Argentina,1965,0
Argentina,1966,0
Argentina,1967,70000
Argentina,1970,0
Argentina,1972,0
Argentina,1973,0
Argentina,1974,0
Argentina,1975,0
Argentina,1977,40000
Argentina,1978,0
Argentina,1979,0
Argentina,1980,0
Argentina,1982,0
Argentina,1983,250000
Argentina,1984,0
Argentina,1985,56000
Argentina,1986,60000
Argentina,1987,750
Argentina,1988,0
Argentina,1990,0
Argentina,1991,1200
Argentina,1992,88074
Argentina,1993,4000
Argentina,1994,0
Argentina,1995,0
Argentina,1997,0
Argentina,1998,0
Argentina,1999,0
Argentina,2000,8230
Argentina,2001,2000
Argentina,2002,200
Argentina,2003,20000
Argentina,2004,0
Argentina,2005,200
Argentina,2006,0
Argentina,2007,5000
Argentina,2008,0
Argentina,2009,0
Argentina,2010,0
Argentina,2011,0
Argentina,2012,2000
Argentina,2013,0
Argentina,2014,0
Argentina,2015,0
Argentina,2016,0
Argentina,2017,0
Argentina,2018,0
Argentina,2019,0
Argentina,2020,0
Argentina,2021,0
Argentina,2022,0
Argentina,2023,0
Argentina,2024,0
Argentina,2025,0
Armenia,1931,0
Armenia,1997,0
Armenia,1998,144
Armenia,2000,0
Armenia,2004,0
Armenia,2013,0
Armenia,2014,0
Armenia,2016,0
Armenia,2018,0
Armenia,2019,0
Armenia,2020,0
Armenia,2023,0
Armenia,2024,0
Armenia,2025,0
Asia,1900,0
Asia,1901,24
Asia,1902,0
Asia,1903,0
Asia,1904,2181
Asia,1905,0
Asia,1906,25689
Asia,1907,0
Asia,1909,3294
Asia,1910,0
Asia,1911,1266
Asia,1912,16620
Asia,1913,0
Asia,1914,52920
Asia,1915,0
Asia,1916,2133
Asia,1917,390
Asia,1918,0
Asia,1919,0
Asia,1920,0
Asia,1922,417
Asia,1923,25000
Asia,1924,12390
Asia,1925,17628
Asia,1926,40000
Asia,1927,180152
Asia,1928,2000
Asia,1929,0
Asia,1930,25551
Asia,1931,0
Asia,1932,5825
Asia,1933,3600150
Asia,1934,0
Asia,1935,239535
Asia,1936,221465
Asia,1937,0
Asia,1938,4710
Asia,1939,1437
Asia,1940,63730
Asia,1941,40759
Asia,1942,0
Asia,1943,23217
Asia,1944,88438
Asia,1945,23663
Asia,1946,3500
Asia,1947,0
Asia,1948,321000
Asia,1949,5050
Asia,1950,0
Asia,1951,161360
Asia,1952,504509
Asia,1953,259194
Asia,1954,16326
Asia,1955,375000
Asia,1956,77000
Asia,1957,0
Asia,1958,475
Asia,1959,933126
Asia,1960,21347
Asia,1961,3171
Asia,1962,0
Asia,1963,2200
Asia,1964,166000
Asia,1965,5031414
Asia,1966,658163
Asia,1967,222375
Asia,1968,964637
Asia,1969,90854
Asia,1970,434114
Asia,1971,2096633
Asia,1972,737502
Asia,1973,58090
Asia,1974,2086641
Asia,1975,7004128
Asia,1976,262534
Asia,1977,5702710
Asia,1978,195284
Asia,1979,675176
Asia,1980,1395479
Asia,1981,289958
Asia,1982,773783
Asia,1983,1055641
Asia,1984,1744526
Asia,1985,1210256
Asia,1986,4137173
Asia,1987,1258339
Asia,1988,3506506
Asia,1989,1571870
Asia,1990,1738728
Asia,1991,6288551
Asia,1992,4186015
Asia,1993,981315
Asia,1994,7840545
Asia,1995,5262116
Asia,1996,6669584
Asia,1997,2595202
Asia,1998,28878765
Asia,1999,5121023
Asia,2000,1098356
Asia,2001,2839437
Asia,2002,122727
Asia,2003,2296611
Asia,2004,2152590
Asia,2005,5817948
Asia,2006,6025364
Asia,2007,398375
Asia,2008,2923383
Asia,2009,344445
Asia,2010,1282409
Asia,2011,1756482
Asia,2012,596234
Asia,2013,228602
Asia,2014,1226935
Asia,2015,335932
Asia,2016,2266266
Asia,2017,211524
Asia,2018,300050
Asia,2019,370883
Asia,2020,21020
Asia,2021,7806
Asia,2022,189454
Asia,2023,44406
Asia,2024,97176
Asia,2025,4440
Australia,1939,3900
Australia,1944,2100
Australia,1955,0
Australia,1967,0
Australia,1968,1200
Australia,1969,0
Australia,1970,0
Australia,1971,0
Australia,1973,500
Australia,1974,500
Australia,1975,0
Australia,1976,0
Australia,1977,0
Australia,1978,0
Australia,1979,0
Australia,1981,0
Australia,1982,0
Australia,1983,11000
Australia,1984,0
Australia,1985,0
Australia,1986,1000
Australia,1988,0
Australia,1989,0
Australia,1990,0
Australia,1991,18
Australia,1992,0
Australia,1993,5545
Australia,1994,1340
Australia,1995,200
Australia,1996,1730
Australia,1997,0
Australia,1998,0
Australia,1999,672
Australia,2000,0
Australia,2001,0
Australia,2002,249
Australia,2003,30
Australia,2004,0
Australia,2005,0
Australia,2006,7141
Australia,2007,90
Australia,2008,0
Australia,2009,0
Australia,2010,0
Australia,2011,0
Australia,2012,0
Australia,2013,0
Australia,2014,270
Australia,2015,6501
Australia,2016,540
Australia,2017,114
Australia,2018,0
Australia,2019,4652
Australia,2020,2275
Australia,2021,243
Australia,2022,0
Australia,2023,114
Australia,2024,0
Australia,2025,0
Austria,1952,0
Austria,1954,0
Austria,1975,0
Austria,1976,0
Austria,1980,0
Austria,1981,0
Austria,1982,0
Austria,1983,0
Austria,1984,0
Austria,1985,0
Austria,1990,0
Austria,1991,0
Austria,1993,0
Austria,1994,0
Austria,1996,0
Austria,1997,0
Austria,1998,0
Austria,1999,0
Austria,2000,0
Austria,2002,0
Austria,2003,0
Austria,2005,0
Austria,2006,0
Austria,2007,0
Austria,2008,0
Austria,2009,0
Austria,2012,0
Austria,2013,0
Austria,2016,0
Austria,2017,0
Austria,2019,0
Austria,2021,0
Austria,2022,0
Austria,2023,0
Austria,2024,0
Azerbaijan,1995,156000
Azerbaijan,1997,0
Azerbaijan,1998,0
Azerbaijan,1999,8400
Azerbaijan,2000,0
Azerbaijan,2003,1500
Azerbaijan,2009,0
Azerbaijan,2010,0
Azerbaijan,2012,6949
Bahamas,1926,0
Bahamas,1929,0
Bahamas,1935,0
Bahamas,1945,0
Bahamas,1956,0
Bahamas,1963,0
Bahamas,1965,0
Bahamas,1966,0
Bahamas,1988,0
Bahamas,1990,0
Bahamas,1992,1700
Bahamas,1995,0
Bahamas,1999,0
Bahamas,2001,0
Bahamas,2004,0
Bahamas,2005,0
Bahamas,2007,0
Bahamas,2008,0
Bahamas,2011,0
Bahamas,2012,0
Bahamas,2013,0
Bahamas,2015,0
Bahamas,2016,0
Bahamas,2017,0
Bahamas,2019,0
Bangladesh,1904,0
Bangladesh,1909,0
Bangladesh,1911,0
Bangladesh,1919,0
Bangladesh,1922,0
Bangladesh,1923,25000
Bangladesh,1926,0
Bangladesh,1937,0
Bangladesh,1941,0
Bangladesh,1942,0
Bangladesh,1943,0
Bangladesh,1947,0
Bangladesh,1951,0
Bangladesh,1958,0
Bangladesh,1960,0
Bangladesh,1961,0
Bangladesh,1963,0
Bangladesh,1964,0
Bangladesh,1965,5000000
Bangladesh,1966,300000
Bangladesh,1967,0
Bangladesh,1968,878724
Bangladesh,1969,23943
Bangladesh,1970,0
Bangladesh,1971,0
Bangladesh,1972,0
Bangladesh,1973,10000
Bangladesh,1974,2000000
Bangladesh,1976,0
Bangladesh,1977,0
Bangladesh,1978,0
Bangladesh,1979,0
Bangladesh,1980,0
Bangladesh,1981,25000
Bangladesh,1982,25000
Bangladesh,1983,100000
Bangladesh,1984,0
Bangladesh,1985,510000
Bangladesh,1986,420000
Bangladesh,1987,0
Bangladesh,1988,2000000
Bangladesh,1989,0
Bangladesh,1990,0
Bangladesh,1991,500000
Bangladesh,1992,85000
Bangladesh,1993,180000
Bangladesh,1994,275000
Bangladesh,1995,482000
Bangladesh,1996,0
Bangladesh,1997,1100000
Bangladesh,1998,0
Bangladesh,1999,139000
Bangladesh,2000,85500
Bangladesh,2001,0
Bangladesh,2002,1000
Bangladesh,2003,0
Bangladesh,2004,14000
Bangladesh,2005,21500
Bangladesh,2006,2400
Bangladesh,2007,225
Bangladesh,2008,35638
Bangladesh,2009,0
Bangladesh,2010,0
Bangladesh,2011,0
Bangladesh,2012,55000
Bangladesh,2013,0
Bangladesh,2014,4000
Bangladesh,2015,0
Bangladesh,2016,119700
Bangladesh,2017,9300
Bangladesh,2018,0
Bangladesh,2019,10000
Bangladesh,2020,0
Bangladesh,2021,0
Bangladesh,2022,0
Bangladesh,2023,0
Bangladesh,2024,0
Bangladesh,2025,0
Barbados,1955,0
Barbados,1970,0
Barbados,1980,5000
Barbados,1984,100
Barbados,1987,230
Barbados,1995,0
Barbados,2002,2000
Barbados,2004,880
Barbados,2007,0
Barbados,2010,0
Barbados,2017,0
Barbados,2021,186
Barbados,2023,0
Barbados,2024,0
Belarus,1993,0
Belarus,1996,0
Belarus,1997,300
Belarus,1999,0
Belarus,2000,0
Belarus,2006,0
Belarus,2007,0
Belarus,2012,0
Belarus,2013,0
Belarus,2014,0
Belarus,2017,0
Belarus,2018,0
Belarus,2023,0
Belgium,1926,0
Belgium,1928,0
Belgium,1930,0
Belgium,1953,0
Belgium,1956,0
Belgium,1963,0
Belgium,1967,0
Belgium,1971,0
Belgium,1972,0
Belgium,1976,0
Belgium,1983,0
Belgium,1984,0
Belgium,1985,0
Belgium,1990,0
Belgium,1992,0
Belgium,1993,0
Belgium,1994,0
Belgium,1995,0
Belgium,1998,0
Belgium,1999,0
Belgium,2002,0
Belgium,2003,0
Belgium,2005,0
Belgium,2006,0
Belgium,2007,0
Belgium,2008,0
Belgium,2009,0
Belgium,2010,0
Belgium,2011,0
Belgium,2012,0
Belgium,2013,0
Belgium,2014,0
Belgium,2015,0
Belgium,2016,0
Belgium,2018,0
Belgium,2019,0
Belgium,2020,0
Belgium,2021,100000
Belgium,2022,0
Belgium,2023,0
Belgium,2024,0
Belize,1931,0
Belize,1955,0
Belize,1961,0
Belize,1974,0
Belize,1978,0
Belize,1979,0
Belize,1990,0
Belize,1995,0
Belize,1998,0
Belize,2000,0
Belize,2001,0
Belize,2005,0
Belize,2007,0
Belize,2008,0
Belize,2010,0
Belize,2015,0
Belize,2016,0
Belize,2020,0
Belize,2022,150
Belize,2024,0
Benin,1970,0
Benin,1972,0
Benin,1973,0
Benin,1974,0
Benin,1975,0
Benin,1978,3000
Benin,1982,80000
Benin,1983,0
Benin,1984,0
Benin,1985,130000
Benin,1988,16000
Benin,1991,0
Benin,1994,20000
Benin,1995,8000
Benin,1996,826
Benin,1997,0
Benin,1998,20000
Benin,1999,10469
Benin,2007,884
Benin,2008,0
Benin,2009,0
Benin,2010,150000
Benin,2011,0
Benin,2012,0
Benin,2013,2759
Benin,2020,0
Benin,2021,0
Benin,2022,0
Benin,2024,0
Bermuda,1948,0
Bermuda,1985,0
Bermuda,1986,0
Bermuda,1987,0
Bermuda,1989,0
Bermuda,2003,0
Bhutan,1994,0
Bhutan,1999,0
Bhutan,2000,1000
Bhutan,2004,0
Bhutan,2009,0
Bhutan,2011,0
Bhutan,2021,0
Bolivia,1965,0
Bolivia,1966,0
Bolivia,1968,6000
Bolivia,1974,0
Bolivia,1977,20000
Bolivia,1978,15000
Bolivia,1980,0
Bolivia,1982,0
Bolivia,1983,0
Bolivia,1984,0
Bolivia,1985,475
Bolivia,1986,50000
Bolivia,1987,0
Bolivia,1988,0
Bolivia,1990,0
Bolivia,1992,40500
Bolivia,1994,0
Bolivia,1996,0
Bolivia,1997,0
Bolivia,1998,6900
Bolivia,1999,3400
Bolivia,2000,0
Bolivia,2001,0
Bolivia,2002,0
Bolivia,2003,3425
Bolivia,2004,6875
Bolivia,2005,0
Bolivia,2006,0
Bolivia,2007,0
Bolivia,2008,0
Bolivia,2009,0
Bolivia,2010,300
Bolivia,2011,0
Bolivia,2012,0
Bolivia,2013,0
Bolivia,2014,4800
Bolivia,2015,0
Bolivia,2016,0
Bolivia,2018,0
Bolivia,2019,0
Bolivia,2020,0
Bolivia,2021,0
Bolivia,2022,0
Bolivia,2023,0
Bolivia,2024,150
Bolivia,2025,0
Bosnia and Herzegovina,1999,90
Bosnia and Herzegovina,2000,0
Bosnia and Herzegovina,2001,0
Bosnia and Herzegovina,2003,0
Bosnia and Herzegovina,2004,0
Bosnia and Herzegovina,2005,0
Bosnia and Herzegovina,2007,0
Bosnia and Herzegovina,2009,0
Bosnia and Herzegovina,2010,0
Bosnia and Herzegovina,2012,0
Bosnia and Herzegovina,2014,0
Bosnia and Herzegovina,2015,0
Bosnia and Herzegovina,2019,0
Bosnia and Herzegovina,2020,0
Bosnia and Herzegovina,2021,0
Bosnia and Herzegovina,2022,0
Bosnia and Herzegovina,2023,0
Bosnia and Herzegovina,2024,0
Bosnia and Herzegovina,2025,0
Botswana,1965,0
Botswana,1968,0
Botswana,1970,0
Botswana,1972,0
Botswana,1982,0
Botswana,1983,0
Botswana,1984,0
Botswana,1985,0
Botswana,1986,0
Botswana,1987,0
Botswana,1988,0
Botswana,1992,0
Botswana,1995,2000
Botswana,2000,32000
Botswana,2004,0
Botswana,2009,0
Botswana,2011,0
Botswana,2013,0
Botswana,2015,0
Botswana,2017,0
Botswana,2018,0
Botswana,2019,0
Botswana,2023,0
Botswana,2024,0
Botswana,2025,0
Brazil,1948,0
Brazil,1949,0
Brazil,1956,0
Brazil,1957,0
Brazil,1959,0
Brazil,1964,0
Brazil,1965,40000
Brazil,1966,29000
Brazil,1967,15400
Brazil,1968,0
Brazil,1969,17384
Brazil,1970,0
Brazil,1971,0
Brazil,1973,0
Brazil,1974,0
Brazil,1975,80000
Brazil,1977,50000
Brazil,1978,0
Brazil,1979,0
Brazil,1980,0
Brazil,1981,0
Brazil,1982,0
Brazil,1983,8000
Brazil,1984,31500
Brazil,1985,4000
Brazil,1986,14500
Brazil,1987,0
Brazil,1988,20000
Brazil,1989,333944
Brazil,1990,0
Brazil,1991,600
Brazil,1992,1500
Brazil,1994,1000
Brazil,1995,35800
Brazil,1996,7000
Brazil,1997,62000
Brazil,1998,10500
Brazil,1999,0
Brazil,2000,213000
Brazil,2001,12500
Brazil,2002,3000
Brazil,2003,79385
Brazil,2004,110225
Brazil,2005,10340
Brazil,2006,0
Brazil,2007,0
Brazil,2008,3035
Brazil,2009,3150
Brazil,2010,8619
Brazil,2011,27381
Brazil,2012,15500
Brazil,2013,34105
Brazil,2014,76595
Brazil,2015,0
Brazil,2016,0
Brazil,2017,0
Brazil,2018,300
Brazil,2019,0
Brazil,2020,5000
Brazil,2021,0
Brazil,2022,886
Brazil,2023,300
Brazil,2024,0
Brazil,2025,0
British Virgin Islands,1996,0
British Virgin Islands,2017,0
Brunei,1998,0
Bulgaria,1928,0
Bulgaria,1965,0
Bulgaria,1977,0
Bulgaria,1981,0
Bulgaria,1986,3000
Bulgaria,1990,0
Bulgaria,1993,0
Bulgaria,1997,0
Bulgaria,1998,0
Bulgaria,1999,850
Bulgaria,2000,150
Bulgaria,2001,0
Bulgaria,2002,0
Bulgaria,2005,0
Bulgaria,2006,0
Bulgaria,2007,0
Bulgaria,2008,0
Bulgaria,2010,0
Bulgaria,2012,0
Bulgaria,2014,0
Bulgaria,2015,0
Bulgaria,2017,0
Bulgaria,2018,0
Bulgaria,2021,0
Bulgaria,2022,0
Bulgaria,2023,0
Bulgaria,2024,0
Bulgaria,2025,0
Burkina Faso,1910,0
Burkina Faso,1911,0
Burkina Faso,1912,0
Burkina Faso,1913,0
Burkina Faso,1914,0
Burkina Faso,1940,0
Burkina Faso,1941,0
Burkina Faso,1942,0
Burkina Faso,1943,0
Burkina Faso,1944,0
Burkina Faso,1966,0
Burkina Faso,1969,0
Burkina Faso,1970,0
Burkina Faso,1971,0
Burkina Faso,1972,0
Burkina Faso,1973,0
Burkina Faso,1974,0
Burkina Faso,1975,0
Burkina Faso,1977,900
Burkina Faso,1978,0
Burkina Faso,1980,0
Burkina Faso,1981,0
Burkina Faso,1982,0
Burkina Faso,1983,0
Burkina Faso,1984,0
Burkina Faso,1985,572
Burkina Faso,1988,10000
Burkina Faso,1990,0
Burkina Faso,1994,0
Burkina Faso,1995,0
Burkina Faso,1996,0
Burkina Faso,1998,0
Burkina Faso,1999,760
Burkina Faso,2001,0
Burkina Faso,2003,12120
Burkina Faso,2006,10000
Burkina Faso,2007,28000
Burkina Faso,2008,4292
Burkina Faso,2009,0
Burkina Faso,2010,0
Burkina Faso,2011,0
Burkina Faso,2012,21000
Burkina Faso,2013,0
Burkina Faso,2014,0
Burkina Faso,2015,0
Burkina Faso,2016,7032
Burkina Faso,2017,0
Burkina Faso,2020,23500
Burkina Faso,2022,0
Burkina Faso,2024,0
Burundi,1989,0
Burundi,1999,0
Burundi,2000,500
Burundi,2001,0
Burundi,2002,0
Burundi,2003,0
Burundi,2004,25620
Burundi,2005,5000
Burundi,2006,7252
Burundi,2007,25053
Burundi,2008,0
Burundi,2009,0
Burundi,2010,1500
Burundi,2011,0
Burundi,2014,12500
Burundi,2015,0
Burundi,2016,0
Burundi,2017,810
Burundi,2018,0
Burundi,2019,0
Burundi,2020,0
Burundi,2021,0
Burundi,2023,0
Burundi,2024,0
Cambodia,1987,0
Cambodia,1991,250000
Cambodia,1994,0
Cambodia,1995,0
Cambodia,1996,0
Cambodia,1997,0
Cambodia,1999,25805
Cambodia,2000,0
Cambodia,2001,0
Cambodia,2002,0
Cambodia,2004,0
Cambodia,2005,0
Cambodia,2006,0
Cambodia,2007,0
Cambodia,2009,0
Cambodia,2010,0
Cambodia,2011,0
Cambodia,2012,0
Cambodia,2013,0
Cambodia,2014,57950
Cambodia,2015,0
Cambodia,2016,0
Cambodia,2018,0
Cambodia,2019,0
Cambodia,2020,0
Cambodia,2021,0
Cambodia,2022,0
Cambodia,2023,0
Cambodia,2024,0
Cameroon,1971,0
Cameroon,1984,0
Cameroon,1986,0
Cameroon,1988,0
Cameroon,1990,0
Cameroon,1991,200
Cameroon,1994,0
Cameroon,1999,1510
Cameroon,2000,0
Cameroon,2001,1500
Cameroon,2003,100
Cameroon,2005,0
Cameroon,2007,10279
Cameroon,2008,1000
Cameroon,2010,3000
Cameroon,2012,31980
Cameroon,2013,0
Cameroon,2014,0
Cameroon,2015,0
Cameroon,2017,0
Cameroon,2019,0
Cameroon,2020,0
Cameroon,2022,150
Cameroon,2023,0
Cameroon,2024,0
Canada,1903,0
Canada,1905,0
Canada,1908,0
Canada,1910,0
Canada,1911,200
Canada,1912,2500
Canada,1915,0
Canada,1922,11000
Canada,1928,0
Canada,1931,0
Canada,1932,0
Canada,1933,0
Canada,1934,0
Canada,1935,0
Canada,1936,0
Canada,1937,0
Canada,1938,0
Canada,1939,0
Canada,1940,0
Canada,1946,0
Canada,1950,0
Canada,1954,0
Canada,1955,2000
Canada,1959,0
Canada,1961,0
Canada,1962,0
Canada,1965,0
Canada,1966,0
Canada,1970,0
Canada,1971,1500
Canada,1974,0
Canada,1975,300
Canada,1977,0
Canada,1978,0
Canada,1979,0
Canada,1980,0
Canada,1981,0
Canada,1982,0
Canada,1983,0
Canada,1984,0
Canada,1985,800
Canada,1986,0
Canada,1987,0
Canada,1988,0
Canada,1989,0
Canada,1990,0
Canada,1991,0
Canada,1992,0
Canada,1993,0
Canada,1994,0
Canada,1995,0
Canada,1996,12000
Canada,1997,0
Canada,1998,0
Canada,1999,200
Canada,2000,700
Canada,2001,30
Canada,2002,0
Canada,2003,0
Canada,2004,0
Canada,2005,0
Canada,2006,0
Canada,2007,0
Canada,2008,0
Canada,2009,0
Canada,2011,7000
Canada,2012,0
Canada,2013,0
Canada,2014,0
Canada,2015,36
Canada,2016,0
Canada,2017,0
Canada,2018,0
Canada,2019,0
Canada,2020,0
Canada,2021,0
Canada,2022,0
Canada,2023,0
Canada,2024,0
Cape Verde,1900,0
Cape Verde,1910,0
Cape Verde,1911,0
Cape Verde,1912,0
Cape Verde,1913,0
Cape Verde,1914,0
Cape Verde,1920,0
Cape Verde,1940,0
Cape Verde,1941,0
Cape Verde,1942,0
Cape Verde,1943,0
Cape Verde,1944,0
Cape Verde,1946,0
Cape Verde,1972,0
Cape Verde,1973,0
Cape Verde,1974,0
Cape Verde,1975,0
Cape Verde,1982,0
Cape Verde,1983,0
Cape Verde,1984,0
Cape Verde,1985,0
Cape Verde,1992,0
Cape Verde,1995,5000
Cape Verde,1998,0
Cape Verde,2002,0
Cape Verde,2009,0
Cape Verde,2014,0
Cape Verde,2015,0
Cape Verde,2017,0
Cape Verde,2020,0
Cape Verde,2022,0
Cape Verde,2025,0
Cayman Islands,1903,1000
Cayman Islands,1932,0
Cayman Islands,2001,0
Cayman Islands,2002,0
Cayman Islands,2004,0
Cayman Islands,2008,0
Central African Republic,1973,0
Central African Republic,1981,900
Central African Republic,1983,0
Central African Republic,1984,0
Central African Republic,1995,1957
Central African Republic,1996,1500
Central African Republic,1998,9200
Central African Republic,1999,25919
Central African Republic,2001,3000
Central African Republic,2002,750
Central African Republic,2003,240
Central African Republic,2004,12698
Central African Republic,2005,23798
Central African Republic,2007,1812
Central African Republic,2008,795
Central African Republic,2009,14835
Central African Republic,2010,0
Central African Republic,2011,0
Central African Republic,2012,3870
Central African Republic,2013,0
Central African Republic,2015,0
Central African Republic,2017,0
Central African Republic,2019,0
Central African Republic,2021,0
Central African Republic,2022,0
Central African Republic,2023,0
Central African Republic,2024,0
Central African Republic,2025,0
Chad,1910,0
Chad,1911,0
Chad,1912,0
Chad,1913,0
Chad,1914,0
Chad,1940,0
Chad,1941,0
Chad,1942,0
Chad,1943,0
Chad,1944,0
Chad,1966,0
Chad,1969,0
Chad,1970,0
Chad,1971,0
Chad,1972,0
Chad,1973,0
Chad,1974,0
Chad,1975,0
Chad,1976,0
Chad,1977,0
Chad,1978,0
Chad,1981,0
Chad,1982,0
Chad,1983,0
Chad,1984,0
Chad,1985,500
Chad,1988,0
Chad,1991,0
Chad,1993,0
Chad,1995,40343
Chad,1997,0
Chad,1998,1000
Chad,1999,45000
Chad,2001,0
Chad,2006,0
Chad,2007,0
Chad,2008,6450
Chad,2009,5795
Chad,2010,0
Chad,2012,0
Chad,2013,0
Chad,2017,0
Chad,2019,0
Chad,2020,0
Chad,2021,22000
Chad,2022,0
Chad,2024,0
Chile,1906,0
Chile,1922,0
Chile,1928,0
Chile,1939,0
Chile,1943,0
Chile,1946,0
Chile,1948,0
Chile,1949,0
Chile,1953,0
Chile,1958,0
Chile,1960,0
Chile,1964,0
Chile,1965,25000
Chile,1966,0
Chile,1968,0
Chile,1969,0
Chile,1970,0
Chile,1971,0
Chile,1972,0
Chile,1974,0
Chile,1977,16800
Chile,1978,0
Chile,1979,0
Chile,1982,0
Chile,1983,0
Chile,1984,119994
Chile,1985,500000
Chile,1986,0
Chile,1987,86000
Chile,1988,0
Chile,1989,0
Chile,1990,0
Chile,1991,18871
Chile,1992,38000
Chile,1993,1225
Chile,1995,575
Chile,1997,24000
Chile,1999,1000
Chile,2000,10401
Chile,2001,714
Chile,2002,0
Chile,2003,285
Chile,2004,0
Chile,2005,548
Chile,2006,0
Chile,2007,0
Chile,2008,23000
Chile,2010,800000
Chile,2011,360
Chile,2012,722
Chile,2013,0
Chile,2014,1638
Chile,2015,29741
Chile,2016,0
Chile,2017,9130
Chile,2019,735
Chile,2021,0
Chile,2022,0
Chile,2023,0
Chile,2024,2340
Chile,2025,0
China,1902,0
China,1905,0
China,1906,0
China,1907,0
China,1909,0
China,1911,0
China,1912,0
China,1913,0
China,1915,0
China,1917,0
China,1918,0
China,1920,0
China,1922,0
China,1923,0
China,1924,0
China,1925,1500
China,1927,133370
China,1928,0
China,1930,0
China,1931,0
China,1933,3600150
China,1934,0
China,1935,0
China,1936,70545
China,1937,0
China,1939,0
China,1940,63730
China,1941,31955
China,1942,0
China,1945,0
China,1948,6000
China,1949,5050
China,1950,0
China,1951,149450
China,1952,4170
China,1954,0
China,1955,0
China,1956,0
China,1957,0
China,1959,0
China,1960,0
China,1961,0
China,1964,0
China,1965,0
China,1967,2085
China,1969,53810
China,1970,7880
China,1973,840
China,1974,0
China,1975,0
China,1976,0
China,1978,0
China,1979,569545
China,1980,100
China,1981,200000
China,1982,210000
China,1983,16500
China,1984,0
China,1985,18000
China,1986,810290
China,1987,425400
China,1988,437000
China,1989,145115
China,1990,517891
China,1991,4214100
China,1992,507400
China,1993,185360
China,1994,6310000
China,1995,1337000
China,1996,6273870
China,1997,927294
China,1998,28447600
China,1999,2449985
China,2000,401124
China,2001,854215
China,2002,2348
China,2003,1805886
China,2004,684124
China,2005,281000
China,2006,631160
China,2007,52355
China,2008,414385
China,2009,158450
China,2010,356625
China,2011,308425
China,2012,48618
China,2013,152540
China,2014,490730
China,2015,87210
China,2016,85520
China,2017,81215
China,2018,4000
China,2019,423
China,2020,0
China,2021,2896
China,2022,0
China,2023,14378
China,2024,141
China,2025,63
Colombia,1906,0
Colombia,1923,0
Colombia,1926,0
Colombia,1936,0
Colombia,1949,0
Colombia,1950,40000
Colombia,1954,0
Colombia,1958,0
Colombia,1959,0
Colombia,1962,0
Colombia,1965,0
Colombia,1967,0
Colombia,1968,63
Colombia,1969,0
Colombia,1970,105000
Colombia,1971,0
Colombia,1972,0
Colombia,1973,0
Colombia,1974,0
Colombia,1976,0
Colombia,1977,100
Colombia,1979,2000
Colombia,1980,0
Colombia,1981,0
Colombia,1982,0
Colombia,1983,500
Colombia,1984,0
Colombia,1985,0
Colombia,1986,0
Colombia,1987,0
Colombia,1988,0
Colombia,1989,0
Colombia,1990,0
Colombia,1991,295
Colombia,1992,1500
Colombia,1993,375
Colombia,1994,33197
Colombia,1995,89250
Colombia,1996,310
Colombia,1997,0
Colombia,1998,0
Colombia,1999,506920
Colombia,2000,39000
Colombia,2001,7500
Colombia,2002,2000
Colombia,2003,60
Colombia,2004,500
Colombia,2005,0
Colombia,2006,0
Colombia,2007,2000
Colombia,2008,1700
Colombia,2009,593
Colombia,2010,0
Colombia,2011,0
Colombia,2012,8000
Colombia,2013,500
Colombia,2014,0
Colombia,2015,700
Colombia,2016,2272
Colombia,2017,126
Colombia,2018,0
Colombia,2019,215
Colombia,2020,0
Colombia,2021,0
Colombia,2022,252
Colombia,2023,100
Colombia,2024,0
Colombia,2025,540
Comoros,1903,0
Comoros,1951,0
Comoros,1977,5000
Comoros,1983,0
Comoros,1985,0
Comoros,1987,50000
Comoros,1989,0
Comoros,1991,200
Comoros,2003,300
Comoros,2005,0
Comoros,2006,0
Comoros,2009,0
Comoros,2012,0
Comoros,2014,0
Comoros,2019,0
Comoros,2024,0
Congo,1967,168
Congo,1983,0
Congo,1994,0
Congo,1998,0
Congo,1999,2000
Congo,2002,43789
Congo,2003,4211
Congo,2005,2000
Congo,2006,5000
Congo,2007,5000
Congo,2012,7500
Congo,2019,0
Congo,2020,0
Congo,2021,0
Congo,2022,0
Congo,2023,0
Congo,2024,0
Cook Islands,1942,0
Cook Islands,1943,0
Cook Islands,1946,0
Cook Islands,1967,0
Cook Islands,1981,0
Cook Islands,1987,0
Cook Islands,1990,0
Cook Islands,1997,0
Cook Islands,2001,0
Cook Islands,2005,0
Cook Islands,2010,0
Costa Rica,1910,0
Costa Rica,1952,0
Costa Rica,1955,0
Costa Rica,1963,0
Costa Rica,1968,3280
Costa Rica,1969,0
Costa Rica,1970,0
Costa Rica,1973,84
Costa Rica,1975,0
Costa Rica,1976,0
Costa Rica,1980,0
Costa Rica,1983,0
Costa Rica,1988,2500
Costa Rica,1990,14000
Costa Rica,1991,23900
Costa Rica,1992,0
Costa Rica,1993,3450
Costa Rica,1994,556
Costa Rica,1995,4800
Costa Rica,1996,0
Costa Rica,1998,1700
Costa Rica,1999,4621
Costa Rica,2000,0
Costa Rica,2001,0
Costa Rica,2002,0
Costa Rica,2003,0
Costa Rica,2004,25
Costa Rica,2005,0
Costa Rica,2007,0
Costa Rica,2008,0
Costa Rica,2009,0
Costa Rica,2010,0
Costa Rica,2011,0
Costa Rica,2012,0
Costa Rica,2015,0
Costa Rica,2016,0
Costa Rica,2017,0
Costa Rica,2018,0
Costa Rica,2019,0
Costa Rica,2020,0
Costa Rica,2021,0
Costa Rica,2022,0
Costa Rica,2024,0
Cote d'Ivoire,1983,0
Cote d'Ivoire,1989,0
Cote d'Ivoire,1996,0
Cote d'Ivoire,2007,0
Cote d'Ivoire,2008,0
Cote d'Ivoire,2009,10000
Cote d'Ivoire,2010,0
Cote d'Ivoire,2014,0
Cote d'Ivoire,2015,0
Cote d'Ivoire,2016,0
Cote d'Ivoire,2017,0
Cote d'Ivoire,2018,0
Cote d'Ivoire,2019,612
Cote d'Ivoire,2020,2100
Cote d'Ivoire,2022,0
Cote d'Ivoire,2024,0
Cote d'Ivoire,2025,0
Croatia,1996,2000
Croatia,1997,0
Croatia,2000,0
Croatia,2001,0
Croatia,2003,0
Croatia,2005,0
Croatia,2006,0
Croatia,2007,0
Croatia,2010,0
Croatia,2012,0
Croatia,2014,0
Croatia,2015,0
Croatia,2017,0
Croatia,2018,21
Croatia,2019,0
Croatia,2020,18915
Croatia,2022,0
Croatia,2023,0
Croatia,2024,0
Croatia,2025,0
Cuba,1909,0
Cuba,1912,0
Cuba,1926,0
Cuba,1932,0
Cuba,1933,0
Cuba,1935,0
Cuba,1944,0
Cuba,1948,0
Cuba,1955,200
Cuba,1963,0
Cuba,1964,0
Cuba,1966,18000
Cuba,1968,0
Cuba,1970,0
Cuba,1976,0
Cuba,1977,0
Cuba,1978,0
Cuba,1980,0
Cuba,1982,75000
Cuba,1983,0
Cuba,1985,22000
Cuba,1986,0
Cuba,1987,0
Cuba,1988,1500
Cuba,1990,6000
Cuba,1992,0
Cuba,1993,32000
Cuba,1994,42820
Cuba,1995,0
Cuba,1996,66681
Cuba,1997,0
Cuba,1998,0
Cuba,1999,26923
Cuba,2000,0
Cuba,2001,0
Cuba,2002,0
Cuba,2003,0
Cuba,2004,41500
Cuba,2005,0
Cuba,2006,0
Cuba,2007,0
Cuba,2008,0
Cuba,2012,162746
Cuba,2013,0
Cuba,2015,0
Cuba,2016,0
Cuba,2017,0
Cuba,2018,0
Cuba,2019,0
Cuba,2020,0
Cuba,2021,0
Cuba,2022,0
Cuba,2023,0
Cuba,2024,0
Cyprus,1953,2500
Cyprus,1969,0
Cyprus,1983,0
Cyprus,1995,150
Cyprus,1998,0
Cyprus,2000,0
Cyprus,2003,0
Cyprus,2004,0
Cyprus,2007,0
Cyprus,2021,0
Cyprus,2022,0
Cyprus,2023,0
Cyprus,2024,0
Cyprus,2025,279
Czechia,1996,0
Czechia,1997,11973
Czechia,1998,0
Czechia,2000,0
Czechia,2002,0
Czechia,2003,0
Czechia,2005,0
Czechia,2006,0
Czechia,2007,0
Czechia,2008,0
Czechia,2009,0
Czechia,2010,0
Czechia,2012,0
Czechia,2013,0
Czechia,2017,0
Czechia,2018,0
Czechia,2020,0
Czechia,2021,0
Czechia,2022,0
Czechia,2023,0
Czechia,2024,0
Czechoslovakia,1974,0
Czechoslovakia,1981,0
Czechoslovakia,1984,0
Czechoslovakia,1985,0
Czechoslovakia,1987,0
Democratic Republic of Congo,1966,0
Democratic Republic of Congo,1968,168
Democratic Republic of Congo,1977,60000
Democratic Republic of Congo,1978,0
Democratic Republic of Congo,1979,0
Democratic Republic of Congo,1984,0
Democratic Republic of Congo,1989,0
Democratic Republic of Congo,1990,12000
Democratic Republic of Congo,1992,250
Democratic Republic of Congo,1994,50
Democratic Republic of Congo,1997,9506
Democratic Republic of Congo,1999,13000
Democratic Republic of Congo,2001,0
Democratic Republic of Congo,2002,110000
Democratic Republic of Congo,2003,21481
Democratic Republic of Congo,2005,6886
Democratic Republic of Congo,2006,3600
Democratic Republic of Congo,2007,0
Democratic Republic of Congo,2008,500
Democratic Republic of Congo,2009,125
Democratic Republic of Congo,2010,5730
Democratic Republic of Congo,2011,2000
Democratic Republic of Congo,2012,1010
Democratic Republic of Congo,2014,3750
Democratic Republic of Congo,2015,100
Democratic Republic of Congo,2016,10000
Democratic Republic of Congo,2017,500
Democratic Republic of Congo,2018,15743
Democratic Republic of Congo,2019,450
Democratic Republic of Congo,2020,0
Democratic Republic of Congo,2021,0
Democratic Republic of Congo,2022,0
Democratic Republic of Congo,2023,0
Democratic Republic of Congo,2024,35
Democratic Republic of Congo,2025,5155
Denmark,1976,0
Denmark,1980,0
Denmark,1981,0
Denmark,1983,0
Denmark,1985,0
Denmark,1990,0
Denmark,1992,0
Denmark,1999,0
Denmark,2002,0
Denmark,2005,0
Denmark,2007,0
Denmark,2010,0
Denmark,2013,0
Denmark,2022,0
Denmark,2023,0
Denmark,2024,0
Djibouti,1977,6000
Djibouti,1978,6000
Djibouti,1980,0
Djibouti,1981,0
Djibouti,1983,0
Djibouti,1984,0
Djibouti,1988,0
Djibouti,1989,0
Djibouti,1993,0
Djibouti,1994,20000
Djibouti,1995,0
Djibouti,1996,0
Djibouti,2001,0
Djibouti,2004,1500
Djibouti,2005,0
Djibouti,2006,0
Djibouti,2007,0
Djibouti,2008,0
Djibouti,2009,0
Djibouti,2010,0
Djibouti,2011,0
Djibouti,2018,0
Djibouti,2019,0
Djibouti,2020,0
Djibouti,2022,0
Dominica,1956,0
Dominica,1963,0
Dominica,1970,0
Dominica,1979,0
Dominica,1980,0
Dominica,1984,0
Dominica,1989,0
Dominica,1995,5000
Dominica,1999,315
Dominica,2004,0
Dominica,2007,0
Dominica,2011,96
Dominica,2015,574
Dominica,2017,0
Dominican Republic,1926,0
Dominican Republic,1930,0
Dominican Republic,1946,0
Dominican Republic,1963,0
Dominican Republic,1964,0
Dominican Republic,1965,0
Dominican Republic,1966,5500
Dominican Republic,1968,0
Dominican Republic,1979,350000
Dominican Republic,1980,0
Dominican Republic,1981,0
Dominican Republic,1983,0
Dominican Republic,1985,0
Dominican Republic,1986,0
Dominican Republic,1987,0
Dominican Republic,1988,0
Dominican Republic,1989,0
Dominican Republic,1991,0
Dominican Republic,1993,0
Dominican Republic,1995,2500
Dominican Republic,1996,1000
Dominican Republic,1998,120000
Dominican Republic,2001,0
Dominican Republic,2002,0
Dominican Republic,2003,0
Dominican Republic,2004,2092
Dominican Republic,2005,0
Dominican Republic,2007,0
Dominican Republic,2008,0
Dominican Republic,2009,0
Dominican Republic,2010,0
Dominican Republic,2011,0
Dominican Republic,2012,11500
Dominican Republic,2013,0
Dominican Republic,2014,0
Dominican Republic,2015,2450
Dominican Republic,2016,9
Dominican Republic,2017,27
Dominican Republic,2018,8000
Dominican Republic,2020,0
Dominican Republic,2021,0
Dominican Republic,2022,0
Dominican Republic,2023,0
Dominican Republic,2024,0
East Germany,1984,0
East Germany,1985,0
East Timor,2001,0
East Timor,2003,0
East Timor,2004,0
East Timor,2006,0
East Timor,2007,0
East Timor,2015,2000
East Timor,2016,0
East Timor,2020,0
East Timor,2021,0
Ecuador,1924,0
Ecuador,1931,0
Ecuador,1942,0
Ecuador,1949,0
Ecuador,1950,0
Ecuador,1953,0
Ecuador,1964,0
Ecuador,1965,0
Ecuador,1966,0
Ecuador,1967,400
Ecuador,1970,27992
Ecuador,1971,0
Ecuador,1973,30000
Ecuador,1975,0
Ecuador,1976,25000
Ecuador,1980,0
Ecuador,1982,0
Ecuador,1983,0
Ecuador,1985,0
Ecuador,1987,150000
Ecuador,1989,0
Ecuador,1990,0
Ecuador,1992,80000
Ecuador,1993,0
Ecuador,1994,0
Ecuador,1995,600
Ecuador,1996,15525
Ecuador,1997,2009
Ecuador,1998,750
Ecuador,1999,2200
Ecuador,2000,180
Ecuador,2001,0
Ecuador,2002,3027
Ecuador,2003,0
Ecuador,2006,0
Ecuador,2008,14122
Ecuador,2009,0
Ecuador,2010,500
Ecuador,2011,0
Ecuador,2012,0
Ecuador,2013,0
Ecuador,2015,0
Ecuador,2016,0
Ecuador,2019,15
Ecuador,2020,0
Ecuador,2021,0
Ecuador,2022,0
Ecuador,2023,0
Ecuador,2024,0
Ecuador,2025,222
Egypt,1926,0
Egypt,1954,0
Egypt,1955,0
Egypt,1969,535
Egypt,1975,0
Egypt,1979,0
Egypt,1987,0
Egypt,1991,200
Egypt,1992,25020
Egypt,1993,0
Egypt,1994,50000
Egypt,1995,3000
Egypt,1996,0
Egypt,1997,0
Egypt,2000,0
Egypt,2002,0
Egypt,2004,0
Egypt,2008,625
Egypt,2010,0
Egypt,2015,0
Egypt,2016,0
Egypt,2020,0
Egypt,2021,1100
El Salvador,1934,0
El Salvador,1936,0
El Salvador,1951,0
El Salvador,1965,48000
El Salvador,1969,0
El Salvador,1982,2500
El Salvador,1986,250000
El Salvador,1988,0
El Salvador,1989,0
El Salvador,1992,0
El Salvador,1993,0
El Salvador,1994,0
El Salvador,1995,0
El Salvador,1996,0
El Salvador,1997,2000
El Salvador,1998,0
El Salvador,1999,0
El Salvador,2000,0
El Salvador,2001,0
El Salvador,2002,0
El Salvador,2005,0
El Salvador,2006,0
El Salvador,2007,0
El Salvador,2008,0
El Salvador,2009,15000
El Salvador,2010,0
El Salvador,2011,0
El Salvador,2013,0
El Salvador,2015,0
El Salvador,2016,0
El Salvador,2017,50
El Salvador,2018,0
El Salvador,2019,0
El Salvador,2020,0
El Salvador,2021,0
El Salvador,2022,0
El Salvador,2023,0
El Salvador,2024,0
Equatorial Guinea,2025,0
Eritrea,1993,15659
Eritrea,1999,0
Eritrea,2000,0
Eritrea,2001,0
Eritrea,2002,0
Eritrea,2003,0
Eritrea,2004,0
Eritrea,2008,0
Estonia,2005,0
Estonia,2006,0
Estonia,2012,0
Estonia,2018,0
Estonia,2022,0
Estonia,2023,0
Estonia,2024,0
Eswatini,1983,0
Eswatini,1984,500
Eswatini,1990,0
Eswatini,1991,0
Eswatini,1992,0
Eswatini,1993,0
Eswatini,1994,0
Eswatini,1995,0
Eswatini,2000,0
Eswatini,2001,0
Eswatini,2002,0
Eswatini,2003,0
Eswatini,2004,0
Eswatini,2005,260
Eswatini,2006,0
Eswatini,2007,0
Eswatini,2008,0
Eswatini,2014,0
Eswatini,2016,0
Eswatini,2017,0
Eswatini,2019,0
Eswatini,2021,0
Eswatini,2022,0
Ethiopia,1961,0
Ethiopia,1965,0
Ethiopia,1968,6000
Ethiopia,1969,420
Ethiopia,1973,0
Ethiopia,1974,0
Ethiopia,1975,0
Ethiopia,1976,20000
Ethiopia,1977,0
Ethiopia,1978,0
Ethiopia,1981,0
Ethiopia,1983,0
Ethiopia,1984,0
Ethiopia,1985,20000
Ethiopia,1987,0
Ethiopia,1988,0
Ethiopia,1989,0
Ethiopia,1990,0
Ethiopia,1991,0
Ethiopia,1992,0
Ethiopia,1993,4800
Ethiopia,1994,19
Ethiopia,1995,0
Ethiopia,1996,25000
Ethiopia,1997,0
Ethiopia,1998,0
Ethiopia,1999,125000
Ethiopia,2000,165
Ethiopia,2001,0
Ethiopia,2002,0
Ethiopia,2003,0
Ethiopia,2004,0
Ethiopia,2005,0
Ethiopia,2006,0
Ethiopia,2007,0
Ethiopia,2008,810
Ethiopia,2009,0
Ethiopia,2010,0
Ethiopia,2011,0
Ethiopia,2012,0
Ethiopia,2013,0
Ethiopia,2015,0
Ethiopia,2016,1000
Ethiopia,2017,0
Ethiopia,2018,0
Ethiopia,2019,0
Ethiopia,2020,0
Ethiopia,2021,0
Ethiopia,2022,0
Ethiopia,2023,0
Ethiopia,2024,0
Ethiopia,2025,0
Europe,1902,0
Europe,1904,0
Europe,1905,20100
Europe,1906,0
Europe,1907,0
Europe,1908,0
Europe,1909,0
Europe,1910,0
Europe,1911,0
Europe,1913,0
Europe,1914,669
Europe,1915,0
Europe,1916,0
Europe,1920,0
Europe,1921,0
Europe,1923,0
Europe,1924,0
Europe,1925,0
Europe,1926,0
Europe,1928,0
Europe,1929,0
Europe,1930,0