Country name,Year,Total economic damages from disasters as a share of GDP
Afghanistan,1954,
Afghanistan,1956,
Afghanistan,1963,
Afghanistan,1969,
Afghanistan,1971,
Afghanistan,1972,
Afghanistan,1973,
Afghanistan,1976,
Afghanistan,1978,
Afghanistan,1980,
Afghanistan,1982,
Afghanistan,1983,
Afghanistan,1984,
Afghanistan,1987,
Afghanistan,1988,
Afghanistan,1990,
Afghanistan,1991,
Afghanistan,1992,
Afghanistan,1993,
Afghanistan,1994,
Afghanistan,1995,
Afghanistan,1996,
Afghanistan,1997,
Afghanistan,1998,
Afghanistan,1999,
Afghanistan,2000,0.00035678808
Afghanistan,2001,0.0010206599
Afghanistan,2002,0.00048929587
Afghanistan,2003,0
Afghanistan,2004,0
Afghanistan,2005,0.08140885
Afghanistan,2006,0
Afghanistan,2007,0
Afghanistan,2008,0
Afghanistan,2009,0.1610805
Afghanistan,2010,0
Afghanistan,2011,0.7975244
Afghanistan,2012,0
Afghanistan,2013,0
Afghanistan,2014,0.014636196
Afghanistan,2015,0.015678715
Afghanistan,2016,0
Afghanistan,2017,0
Afghanistan,2018,0
Afghanistan,2019,0
Afghanistan,2020,0
Afghanistan,2021,0
Afghanistan,2022,0
Afghanistan,2023,1.2651412
Afghanistan,2024,
Afghanistan,2025,
Africa,1900,
Africa,1903,
Africa,1906,
Africa,1907,
Africa,1909,
Africa,1910,
Africa,1911,
Africa,1912,
Africa,1913,
Africa,1914,
Africa,1920,
Africa,1926,
Africa,1927,
Africa,1939,
Africa,1940,
Africa,1941,
Africa,1942,
Africa,1943,
Africa,1944,
Africa,1946,
Africa,1948,
Africa,1951,
Africa,1952,
Africa,1954,
Africa,1955,
Africa,1956,
Africa,1957,
Africa,1959,
Africa,1960,
Africa,1961,
Africa,1962,
Africa,1963,
Africa,1964,
Africa,1965,
Africa,1966,
Africa,1967,
Africa,1968,
Africa,1969,
Africa,1970,
Africa,1971,
Africa,1972,
Africa,1973,
Africa,1974,
Africa,1975,
Africa,1976,
Africa,1977,
Africa,1978,
Africa,1979,
Africa,1980,
Africa,1981,
Africa,1982,
Africa,1983,
Africa,1984,
Africa,1985,
Africa,1986,
Africa,1987,
Africa,1988,
Africa,1989,
Africa,1990,
Africa,1991,
Africa,1992,
Africa,1993,
Africa,1994,
Africa,1995,
Africa,1996,
Africa,1997,
Africa,1998,
Africa,1999,
Africa,2000,
Africa,2001,
Africa,2002,
Africa,2003,
Africa,2004,
Africa,2005,
Africa,2006,
Africa,2007,
Africa,2008,
Africa,2009,
Africa,2010,
Africa,2011,
Africa,2012,
Africa,2013,
Africa,2014,
Africa,2015,
Africa,2016,
Africa,2017,
Africa,2018,
Africa,2019,
Africa,2020,
Africa,2021,
Africa,2022,
Africa,2023,
Africa,2024,
Africa,2025,
Albania,1905,
Albania,1920,
Albania,1930,
Albania,1931,
Albania,1942,
Albania,1946,
Albania,1962,
Albania,1967,
Albania,1979,
Albania,1981,0
Albania,1982,0.2686492
Albania,1985,0
Albania,1988,0
Albania,1989,0
Albania,1990,0
Albania,1991,0
Albania,1992,1.0733316
Albania,1995,0
Albania,1997,0
Albania,1998,0
Albania,2002,0.38759664
Albania,2004,0.0023357403
Albania,2005,0
Albania,2007,0
Albania,2009,0
Albania,2010,0
Albania,2012,0
Albania,2013,0
Albania,2015,0
Albania,2016,0
Albania,2017,0.06712792
Albania,2018,0
Albania,2019,4.7802033
Albania,2021,0
Albania,2022,0
Albania,2023,0
Algeria,1910,
Algeria,1927,
Algeria,1946,
Algeria,1952,
Algeria,1954,
Algeria,1960,0
Algeria,1963,0
Algeria,1965,0.06376973
Algeria,1966,0.3289626
Algeria,1967,0.08899779
Algeria,1969,0.23489323
Algeria,1973,0.114838794
Algeria,1974,0.22710289
Algeria,1979,0
Algeria,1980,12.2798395
Algeria,1981,0
Algeria,1982,0
Algeria,1984,0
Algeria,1985,0.0017259868
Algeria,1987,0.0014982212
Algeria,1988,0
Algeria,1989,0
Algeria,1992,0.0018748776
Algeria,1993,0
Algeria,1994,0
Algeria,1996,0
Algeria,1997,0
Algeria,1999,0.12526348
Algeria,2000,0
Algeria,2001,0.5049366
Algeria,2002,0.002438386
Algeria,2003,6.804363
Algeria,2004,0
Algeria,2005,0.006778355
Algeria,2006,0.0009749419
Algeria,2007,0.030221906
Algeria,2008,0.19292194
Algeria,2009,0
Algeria,2011,0.35679615
Algeria,2012,0
Algeria,2014,0
Algeria,2015,0
Algeria,2017,0
Algeria,2018,0
Algeria,2019,0
Algeria,2020,0
Algeria,2021,0
Algeria,2022,0
Algeria,2023,0
Algeria,2024,0
Algeria,2025,
American Samoa,1966,
American Samoa,1989,
American Samoa,2003,9.541985
American Samoa,2004,29.469547
American Samoa,2005,0
American Samoa,2009,0
Angola,1981,0
Angola,1985,0
Angola,1989,0
Angola,1990,0
Angola,1991,0
Angola,1992,0
Angola,1997,0
Angola,1998,0
Angola,2000,0.10953388
Angola,2001,0
Angola,2003,0
Angola,2004,0
Angola,2005,0
Angola,2006,0
Angola,2007,0
Angola,2008,0
Angola,2009,0
Angola,2010,0
Angola,2011,0
Angola,2012,0
Angola,2013,0
Angola,2015,0
Angola,2016,0
Angola,2017,0.0027140668
Angola,2018,0
Angola,2019,0
Angola,2020,0
Angola,2021,0
Angola,2022,0
Angola,2023,0
Angola,2024,0
Anguilla,1919,
Anguilla,1920,
Anguilla,1921,
Anguilla,1922,
Anguilla,1923,
Anguilla,1955,
Anguilla,1960,
Anguilla,1979,
Anguilla,1999,
Anguilla,2017,
Antigua and Barbuda,1950,
Antigua and Barbuda,1960,
Antigua and Barbuda,1966,
Antigua and Barbuda,1983,0
Antigua and Barbuda,1989,17.575693
Antigua and Barbuda,1990,0
Antigua and Barbuda,1995,56.8134
Antigua and Barbuda,1998,12.661612
Antigua and Barbuda,1999,0
Antigua and Barbuda,2008,0
Antigua and Barbuda,2010,0.9704639
Antigua and Barbuda,2017,16.288177
Argentina,1920,
Argentina,1944,
Argentina,1958,
Argentina,1965,0
Argentina,1966,0.10478345
Argentina,1967,0.012367734
Argentina,1970,0.07915348
Argentina,1972,0
Argentina,1973,0
Argentina,1974,0
Argentina,1975,0
Argentina,1977,0.1408922
Argentina,1978,0
Argentina,1979,0
Argentina,1980,0
Argentina,1982,0
Argentina,1983,1.731117
Argentina,1984,0
Argentina,1985,1.7356603
Argentina,1986,0
Argentina,1987,0.10109283
Argentina,1988,0.38616052
Argentina,1990,0
Argentina,1991,0
Argentina,1992,0.22292264
Argentina,1993,0.48238224
Argentina,1994,0
Argentina,1995,0
Argentina,1997,0
Argentina,1998,0.36795667
Argentina,1999,0
Argentina,2000,0.105558075
Argentina,2001,0.28470758
Argentina,2002,0
Argentina,2003,0.89994293
Argentina,2004,0
Argentina,2005,0
Argentina,2006,0
Argentina,2007,0.013911568
Argentina,2008,0
Argentina,2009,0.0045048227
Argentina,2010,0
Argentina,2011,0.019616788
Argentina,2012,0.002197873
Argentina,2013,0.23585883
Argentina,2014,0.011779913
Argentina,2015,0.002891975
Argentina,2016,0.17972052
Argentina,2017,0
Argentina,2018,0.6478413
Argentina,2019,0
Argentina,2020,0.0025924162
Argentina,2021,0
Argentina,2022,0.12168332
Argentina,2023,0.019347591
Argentina,2024,0.039477836
Argentina,2025,
Armenia,1931,
Armenia,1997,2.521085
Armenia,1998,0.0063367123
Armenia,2000,5.2313194
Armenia,2004,0
Armenia,2013,0.5394973
Armenia,2014,0
Armenia,2016,0
Armenia,2018,0.01462521
Armenia,2019,0
Armenia,2020,0
Armenia,2023,0
Armenia,2024,0.19389926
Armenia,2025,
Asia,1900,
Asia,1901,
Asia,1902,
Asia,1903,
Asia,1904,
Asia,1905,
Asia,1906,
Asia,1907,
Asia,1909,
Asia,1910,
Asia,1911,
Asia,1912,
Asia,1913,
Asia,1914,
Asia,1915,
Asia,1916,
Asia,1917,
Asia,1918,
Asia,1919,
Asia,1920,
Asia,1922,
Asia,1923,
Asia,1924,
Asia,1925,
Asia,1926,
Asia,1927,
Asia,1928,
Asia,1929,
Asia,1930,
Asia,1931,
Asia,1932,
Asia,1933,
Asia,1934,
Asia,1935,
Asia,1936,
Asia,1937,
Asia,1938,
Asia,1939,
Asia,1940,
Asia,1941,
Asia,1942,
Asia,1943,
Asia,1944,
Asia,1945,
Asia,1946,
Asia,1947,
Asia,1948,
Asia,1949,
Asia,1950,
Asia,1951,
Asia,1952,
Asia,1953,
Asia,1954,
Asia,1955,
Asia,1956,
Asia,1957,
Asia,1958,
Asia,1959,
Asia,1960,
Asia,1961,
Asia,1962,
Asia,1963,
Asia,1964,
Asia,1965,
Asia,1966,
Asia,1967,
Asia,1968,
Asia,1969,
Asia,1970,
Asia,1971,
Asia,1972,
Asia,1973,
Asia,1974,
Asia,1975,
Asia,1976,
Asia,1977,
Asia,1978,
Asia,1979,
Asia,1980,
Asia,1981,
Asia,1982,
Asia,1983,
Asia,1984,
Asia,1985,
Asia,1986,
Asia,1987,
Asia,1988,
Asia,1989,
Asia,1990,
Asia,1991,
Asia,1992,
Asia,1993,
Asia,1994,
Asia,1995,
Asia,1996,
Asia,1997,
Asia,1998,
Asia,1999,
Asia,2000,
Asia,2001,
Asia,2002,
Asia,2003,
Asia,2004,
Asia,2005,
Asia,2006,
Asia,2007,
Asia,2008,
Asia,2009,
Asia,2010,
Asia,2011,
Asia,2012,
Asia,2013,
Asia,2014,
Asia,2015,
Asia,2016,
Asia,2017,
Asia,2018,
Asia,2019,
Asia,2020,
Asia,2021,
Asia,2022,
Asia,2023,
Asia,2024,
Asia,2025,
Australia,1939,
Australia,1944,
Australia,1955,
Australia,1967,0.8813847
Australia,1968,0.62180406
Australia,1969,0.5461845
Australia,1970,0.17533684
Australia,1971,0.30788562
Australia,1973,0.055613484
Australia,1974,1.279362
Australia,1975,0
Australia,1976,0.03619244
Australia,1977,0.0019646196
Australia,1978,0.8614113
Australia,1979,0.02319189
Australia,1981,1.7022936
Australia,1982,1.5620791
Australia,1983,0.22564794
Australia,1984,0.0015501846
Australia,1985,0.08589803
Australia,1986,0.13878423
Australia,1988,0.008645362
Australia,1989,0.3694565
Australia,1990,0.12055738
Australia,1991,0.16265409
Australia,1992,0.12880613
Australia,1993,0.15725124
Australia,1994,0.22113375
Australia,1995,0.19418806
Australia,1996,0.23317601
Australia,1997,0.0015379579
Australia,1998,0.0960782
Australia,1999,0.5636565
Australia,2000,0.09971939
Australia,2001,0.06822216
Australia,2002,0.5337719
Australia,2003,0.10048337
Australia,2004,0.018302802
Australia,2005,0.020123823
Australia,2006,0.17134205
Australia,2007,0.16374126
Australia,2008,0.23813753
Australia,2009,0.162582
Australia,2010,0.35215285
Australia,2011,0.6175653
Australia,2012,0.037995975
Australia,2013,0.15001997
Australia,2014,0.076621026
Australia,2015,0.20217623
Australia,2016,0.052616883
Australia,2017,0.24215767
Australia,2018,0.08484328
Australia,2019,0.23986517
Australia,2020,0.34321684
Australia,2021,0.21423031
Australia,2022,0.49950963
Australia,2023,0
Australia,2024,0.014838546
Australia,2025,
Austria,1952,
Austria,1954,
Austria,1975,0
Austria,1976,0
Austria,1980,0
Austria,1981,0
Austria,1982,0
Austria,1983,0
Austria,1984,0
Austria,1985,0
Austria,1990,0.15077373
Austria,1991,0.06354214
Austria,1993,0.0005273315
Austria,1994,0.0009864948
Austria,1996,0.00211907
Austria,1997,0.08265446
Austria,1998,0
Austria,1999,0.033993803
Austria,2000,0.010194636
Austria,2002,1.1299715
Austria,2003,0.107370265
Austria,2005,0.2229638
Austria,2006,0
Austria,2007,0.10342327
Austria,2008,0.11648647
Austria,2009,0.17531112
Austria,2012,0
Austria,2013,0.23442234
Austria,2016,0
Austria,2017,0.028438797
Austria,2019,0
Austria,2021,0
Austria,2022,0
Austria,2023,0
Austria,2024,0
Azerbaijan,1995,0.67016053
Azerbaijan,1997,0.63093674
Azerbaijan,1998,0
Azerbaijan,1999,0.10914055
Azerbaijan,2000,2.086251
Azerbaijan,2003,0.75586694
Azerbaijan,2009,0
Azerbaijan,2010,0
Azerbaijan,2012,0
Bahamas,1926,
Bahamas,1929,
Bahamas,1935,
Bahamas,1945,
Bahamas,1956,
Bahamas,1963,0.6311802
Bahamas,1965,0.23312193
Bahamas,1966,4.4694347
Bahamas,1988,0
Bahamas,1990,0
Bahamas,1992,8.041171
Bahamas,1995,0.011665208
Bahamas,1999,5.856424
Bahamas,2001,3.60671
Bahamas,2004,17.117065
Bahamas,2005,0
Bahamas,2007,0
Bahamas,2008,0
Bahamas,2011,0.39720172
Bahamas,2012,0
Bahamas,2013,0.42958197
Bahamas,2015,0.76028925
Bahamas,2016,5.0501223
Bahamas,2017,0.016068257
Bahamas,2019,25.608194
Bangladesh,1904,
Bangladesh,1909,
Bangladesh,1911,
Bangladesh,1919,
Bangladesh,1922,
Bangladesh,1923,
Bangladesh,1926,
Bangladesh,1937,
Bangladesh,1941,
Bangladesh,1942,
Bangladesh,1943,
Bangladesh,1947,
Bangladesh,1951,
Bangladesh,1958,
Bangladesh,1960,0
Bangladesh,1961,0.24701196
Bangladesh,1963,0.9399453
Bangladesh,1964,0.09747394
Bangladesh,1965,0.97686726
Bangladesh,1966,0.36337164
Bangladesh,1967,0
Bangladesh,1968,2.6845062
Bangladesh,1969,0.09832362
Bangladesh,1970,1.2387795
Bangladesh,1971,0
Bangladesh,1972,0
Bangladesh,1973,0
Bangladesh,1974,4.6289854
Bangladesh,1976,0.0019867327
Bangladesh,1977,0.518073
Bangladesh,1978,0
Bangladesh,1979,0
Bangladesh,1980,0.82699084
Bangladesh,1981,0
Bangladesh,1982,0
Bangladesh,1983,0
Bangladesh,1984,0
Bangladesh,1985,0.22443241
Bangladesh,1986,0
Bangladesh,1987,4.3522043
Bangladesh,1988,8.04018
Bangladesh,1989,0.056285735
Bangladesh,1990,0.01898834
Bangladesh,1991,6.234357
Bangladesh,1992,0
Bangladesh,1993,0
Bangladesh,1994,0.37756902
Bangladesh,1995,3.0978065
Bangladesh,1996,0.021533864
Bangladesh,1997,0.47466737
Bangladesh,1998,8.602657
Bangladesh,1999,0
Bangladesh,2000,0.93685967
Bangladesh,2001,0
Bangladesh,2002,0
Bangladesh,2003,0
Bangladesh,2004,4.146921
Bangladesh,2005,0
Bangladesh,2006,0
Bangladesh,2007,3.0322196
Bangladesh,2008,0
Bangladesh,2009,0.2634785
Bangladesh,2010,0
Bangladesh,2011,0
Bangladesh,2012,0
Bangladesh,2013,0.013333426
Bangladesh,2014,0.09254621
Bangladesh,2015,0.04304456
Bangladesh,2016,0.28277928
Bangladesh,2017,0.21380001
Bangladesh,2018,0
Bangladesh,2019,0.02300049
Bangladesh,2020,0.5347887
Bangladesh,2021,0
Bangladesh,2022,0.1005147
Bangladesh,2023,0.057382535
Bangladesh,2024,0.062272362
Bangladesh,2025,
Barbados,1955,
Barbados,1970,0.3008239
Barbados,1980,0.14818026
Barbados,1984,0
Barbados,1987,5.8672695
Barbados,1995,0
Barbados,2002,0.0064381137
Barbados,2004,0.14515895
Barbados,2007,0
Barbados,2010,0
Barbados,2017,0
Barbados,2021,0
Barbados,2023,0
Barbados,2024,0
Belarus,1993,0.61443657
Belarus,1996,0
Belarus,1997,0.23353598
Belarus,1999,0.036084298
Belarus,2000,0.23789372
Belarus,2006,0
Belarus,2007,0.022086898
Belarus,2012,0
Belarus,2013,0
Belarus,2014,0
Belarus,2017,0
Belarus,2018,0
Belarus,2023,0
Belgium,1926,
Belgium,1928,
Belgium,1930,
Belgium,1953,
Belgium,1956,
Belgium,1963,0
Belgium,1967,0
Belgium,1971,0
Belgium,1972,0
Belgium,1976,0
Belgium,1983,0.057349816
Belgium,1984,0
Belgium,1985,0
Belgium,1990,0.4772764
Belgium,1992,0.042592768
Belgium,1993,0.006982993
Belgium,1994,0.0005340048
Belgium,1995,0.03471914
Belgium,1998,0.0040614503
Belgium,1999,0.019549597
Belgium,2002,0.0019351073
Belgium,2003,0
Belgium,2005,0
Belgium,2006,0
Belgium,2007,0.0955572
Belgium,2008,0
Belgium,2009,0
Belgium,2010,0.08267898
Belgium,2011,0.018778572
Belgium,2012,0
Belgium,2013,0
Belgium,2014,0
Belgium,2015,0
Belgium,2016,0
Belgium,2018,0
Belgium,2019,0
Belgium,2020,0
Belgium,2021,0.33415624
Belgium,2022,0
Belgium,2023,0
Belgium,2024,0
Belize,1931,
Belize,1955,
Belize,1961,200.23361
Belize,1974,3.877455
Belize,1978,4.4020543
Belize,1979,0
Belize,1990,0.8133053
Belize,1995,0.061046336
Belize,1998,0.0053792363
Belize,2000,24.362104
Belize,2001,21.316507
Belize,2005,0
Belize,2007,0.8697206
Belize,2008,0.5576514
Belize,2010,0
Belize,2015,0
Belize,2016,0
Belize,2020,0
Belize,2022,3.5128393
Belize,2024,0
Benin,1970,0.05994706
Benin,1972,0
Benin,1973,0
Benin,1974,0
Benin,1975,0
Benin,1978,0
Benin,1982,0
Benin,1983,0.019792976
Benin,1984,0.020625534
Benin,1985,0.4798063
Benin,1988,0
Benin,1991,0
Benin,1994,0
Benin,1995,0.14288169
Benin,1996,0
Benin,1997,0
Benin,1998,0
Benin,1999,0.0058465316
Benin,2007,0
Benin,2008,0
Benin,2009,0
Benin,2010,0
Benin,2011,0
Benin,2012,0
Benin,2013,0
Benin,2020,0
Benin,2021,0
Benin,2022,0
Benin,2024,0
Bermuda,1948,
Bermuda,1985,0.19240019
Bermuda,1986,0.12782274
Bermuda,1987,3.8565369
Bermuda,1989,0
Bermuda,2003,7.165848
Bhutan,1994,0
Bhutan,1999,0.87650937
Bhutan,2000,0
Bhutan,2004,0
Bhutan,2009,0
Bhutan,2011,0
Bhutan,2021,0
Bolivia,1965,0.016713092
Bolivia,1966,0.09328302
Bolivia,1968,0.3532182
Bolivia,1974,0.49969068
Bolivia,1977,0.3096886
Bolivia,1978,0
Bolivia,1980,0
Bolivia,1982,7.142359
Bolivia,1983,17.835213
Bolivia,1984,0
Bolivia,1985,0
Bolivia,1986,1.2628229
Bolivia,1987,0
Bolivia,1988,1.0527204
Bolivia,1990,0
Bolivia,1992,10.631005
Bolivia,1994,0
Bolivia,1996,0
Bolivia,1997,0.8831986
Bolivia,1998,0
Bolivia,1999,0
Bolivia,2000,0
Bolivia,2001,1.4862095
Bolivia,2002,1.2649446
Bolivia,2003,0.003866426
Bolivia,2004,0.007836141
Bolivia,2005,0
Bolivia,2006,0.3056276
Bolivia,2007,1.638706
Bolivia,2008,2.2489731
Bolivia,2009,0
Bolivia,2010,0.508913
Bolivia,2011,0.08346143
Bolivia,2012,0
Bolivia,2013,0.008154122
Bolivia,2014,0.6061306
Bolivia,2015,0
Bolivia,2016,1.3258252
Bolivia,2018,0
Bolivia,2019,0
Bolivia,2020,0.027300144
Bolivia,2021,0
Bolivia,2022,0
Bolivia,2023,0
Bolivia,2024,0.20133567
Bolivia,2025,
Bosnia and Herzegovina,1999,0
Bosnia and Herzegovina,2000,2.8377595
Bosnia and Herzegovina,2001,0
Bosnia and Herzegovina,2003,1.6472731
Bosnia and Herzegovina,2004,0
Bosnia and Herzegovina,2005,0
Bosnia and Herzegovina,2007,0
Bosnia and Herzegovina,2009,0
Bosnia and Herzegovina,2010,0.5065114
Bosnia and Herzegovina,2012,0
Bosnia and Herzegovina,2014,2.3524234
Bosnia and Herzegovina,2015,0
Bosnia and Herzegovina,2019,0
Bosnia and Herzegovina,2020,0
Bosnia and Herzegovina,2021,0
Bosnia and Herzegovina,2022,0.10597251
Bosnia and Herzegovina,2023,0
Bosnia and Herzegovina,2024,0.03528159
Bosnia and Herzegovina,2025,
Botswana,1965,0
Botswana,1968,1.5094695
Botswana,1970,2.0780683
Botswana,1972,0.03040236
Botswana,1982,0
Botswana,1983,0
Botswana,1984,0
Botswana,1985,0
Botswana,1986,0
Botswana,1987,0
Botswana,1988,0
Botswana,1992,0
Botswana,1995,0
Botswana,2000,0.086380705
Botswana,2004,0
Botswana,2009,0
Botswana,2011,0
Botswana,2013,0
Botswana,2015,0.32518524
Botswana,2017,0
Botswana,2018,0
Botswana,2019,0
Botswana,2023,0
Botswana,2024,0
Botswana,2025,
Brazil,1948,
Brazil,1949,
Brazil,1956,
Brazil,1957,
Brazil,1959,
Brazil,1964,0.0023850712
Brazil,1965,0.07567151
Brazil,1966,0.21546619
Brazil,1967,0.049217682
Brazil,1968,0
Brazil,1969,0.015522586
Brazil,1970,0.10891222
Brazil,1971,0.010640511
Brazil,1973,0.019140525
Brazil,1974,0.11020587
Brazil,1975,0.6616691
Brazil,1977,0
Brazil,1978,1.1484001
Brazil,1979,0
Brazil,1980,0
Brazil,1981,0
Brazil,1982,0
Brazil,1983,0.18454416
Brazil,1984,1.0619094
Brazil,1985,0.40354735
Brazil,1986,0.0019494633
Brazil,1987,0.021903727
Brazil,1988,0.33454382
Brazil,1989,0
Brazil,1990,0
Brazil,1991,0.0005838835
Brazil,1992,0.007861254
Brazil,1994,0.10373652
Brazil,1995,0.00038994814
Brazil,1996,0
Brazil,1997,0
Brazil,1998,0.01035322
Brazil,1999,0.011603277
Brazil,2000,0.011442551
Brazil,2001,0.008035949
Brazil,2002,0.002157729
Brazil,2003,0.020773191
Brazil,2004,0.14345577
Brazil,2005,0.13764313
Brazil,2006,0
Brazil,2007,0.008947012
Brazil,2008,0.06545371
Brazil,2009,0.036292817
Brazil,2010,0.042646863
Brazil,2011,0.03826224
Brazil,2012,0.04361799
Brazil,2013,0.043615516
Brazil,2014,0.080569826
Brazil,2015,0.092616506
Brazil,2016,0.10412178
Brazil,2017,0.0048461
Brazil,2018,0.002764832
Brazil,2019,0
Brazil,2020,0.24388473
Brazil,2021,0.20573433
Brazil,2022,0.26880682
Brazil,2023,0.17576306
Brazil,2024,0.6244803
Brazil,2025,
British Virgin Islands,1996,
British Virgin Islands,2017,
Brunei,1998,0.036030542
Bulgaria,1928,
Bulgaria,1965,
Bulgaria,1977,
Bulgaria,1981,0
Bulgaria,1986,0
Bulgaria,1990,0
Bulgaria,1993,0
Bulgaria,1997,0
Bulgaria,1998,0
Bulgaria,1999,0
Bulgaria,2000,0.13324787
Bulgaria,2001,0
Bulgaria,2002,0.0060964297
Bulgaria,2005,1.5300319
Bulgaria,2006,0
Bulgaria,2007,0.0055231387
Bulgaria,2008,0
Bulgaria,2010,0
Bulgaria,2012,0.008103571
Bulgaria,2014,1.6327704
Bulgaria,2015,0.011424988
Bulgaria,2017,0
Bulgaria,2018,0
Bulgaria,2021,0
Bulgaria,2022,0.0519284
Bulgaria,2023,0
Bulgaria,2024,0
Bulgaria,2025,
Burkina Faso,1910,
Burkina Faso,1911,
Burkina Faso,1912,
Burkina Faso,1913,
Burkina Faso,1914,
Burkina Faso,1940,
Burkina Faso,1941,
Burkina Faso,1942,
Burkina Faso,1943,
Burkina Faso,1944,
Burkina Faso,1966,0
Burkina Faso,1969,0
Burkina Faso,1970,0
Burkina Faso,1971,0
Burkina Faso,1972,0
Burkina Faso,1973,0
Burkina Faso,1974,0
Burkina Faso,1975,0
Burkina Faso,1977,0
Burkina Faso,1978,0
Burkina Faso,1980,0
Burkina Faso,1981,0
Burkina Faso,1982,0
Burkina Faso,1983,0
Burkina Faso,1984,0
Burkina Faso,1985,0
Burkina Faso,1988,0
Burkina Faso,1990,0
Burkina Faso,1994,0
Burkina Faso,1995,0
Burkina Faso,1996,0
Burkina Faso,1998,0
Burkina Faso,1999,0
Burkina Faso,2001,0
Burkina Faso,2003,0
Burkina Faso,2006,0
Burkina Faso,2007,0
Burkina Faso,2008,0
Burkina Faso,2009,1.5871845
Burkina Faso,2010,0.0017409162
Burkina Faso,2011,0
Burkina Faso,2012,0
Burkina Faso,2013,0
Burkina Faso,2014,0
Burkina Faso,2015,0.26199782
Burkina Faso,2016,0
Burkina Faso,2017,0
Burkina Faso,2020,0
Burkina Faso,2022,0
Burkina Faso,2024,0
Burundi,1989,0
Burundi,1999,0
Burundi,2000,0
Burundi,2001,0
Burundi,2002,0
Burundi,2003,0
Burundi,2004,0
Burundi,2005,0
Burundi,2006,0
Burundi,2007,0
Burundi,2008,0
Burundi,2009,0
Burundi,2010,0
Burundi,2011,0
Burundi,2014,0.07391575
Burundi,2015,0.27470592
Burundi,2016,0.16914879
Burundi,2017,0
Burundi,2018,0
Burundi,2019,0
Burundi,2020,0
Burundi,2021,0
Burundi,2023,0
Burundi,2024,0
Cambodia,1987,0
Cambodia,1991,7.299362
Cambodia,1994,0.8112494
Cambodia,1995,1.1224071
Cambodia,1996,1.1472384
Cambodia,1997,0.00029040952
Cambodia,1999,0.014215682
Cambodia,2000,4.33115
Cambodia,2001,0.36182365
Cambodia,2002,0.8464357
Cambodia,2004,0
Cambodia,2005,0
Cambodia,2006,0
Cambodia,2007,0.009873699
Cambodia,2009,0
Cambodia,2010,0.5069278
Cambodia,2011,3.2496245
Cambodia,2012,0
Cambodia,2013,2.5243428
Cambodia,2014,0.009073808
Cambodia,2015,0
Cambodia,2016,0
Cambodia,2018,0
Cambodia,2019,0
Cambodia,2020,0.28720716
Cambodia,2021,0
Cambodia,2022,0
Cambodia,2023,0
Cambodia,2024,0
Cameroon,1971,0.121266864
Cameroon,1984,0
Cameroon,1986,0
Cameroon,1988,0
Cameroon,1990,0
Cameroon,1991,0
Cameroon,1994,0
Cameroon,1999,0
Cameroon,2000,0
Cameroon,2001,0
Cameroon,2003,0
Cameroon,2005,0
Cameroon,2007,0
Cameroon,2008,0
Cameroon,2010,0
Cameroon,2012,0.006632386
Cameroon,2013,0
Cameroon,2014,0
Cameroon,2015,0
Cameroon,2017,0
Cameroon,2019,0
Cameroon,2020,0
Cameroon,2022,0.033824
Cameroon,2023,0
Cameroon,2024,0
Canada,1903,
Canada,1905,
Canada,1908,
Canada,1910,
Canada,1911,
Canada,1912,
Canada,1915,
Canada,1922,
Canada,1928,
Canada,1931,
Canada,1932,
Canada,1933,
Canada,1934,
Canada,1935,
Canada,1936,
Canada,1937,
Canada,1938,
Canada,1939,
Canada,1940,
Canada,1946,
Canada,1950,
Canada,1954,
Canada,1955,
Canada,1959,
Canada,1961,0
Canada,1962,0
Canada,1965,0
Canada,1966,0
Canada,1970,0
Canada,1971,0
Canada,1974,0.009009055
Canada,1975,0.0014333238
Canada,1977,0.35299
Canada,1978,0.34165484
Canada,1979,0.31509414
Canada,1980,0.2735095
Canada,1981,0.025712242
Canada,1982,0
Canada,1983,0.016965698
Canada,1984,0.22500426
Canada,1985,0.08584938
Canada,1986,0.007915424
Canada,1987,0.10389389
Canada,1988,0.16196159
Canada,1989,0.7404639
Canada,1990,0.0014259936
Canada,1991,0.08162896
Canada,1992,0.089267716
Canada,1993,0.27448305
Canada,1994,0.000517291
Canada,1995,0.04336912
Canada,1996,0.11571372
Canada,1997,0.019847723
Canada,1998,0.23659305
Canada,1999,0.000014740301
Canada,2000,0.0017454973
Canada,2001,0
Canada,2002,0
Canada,2003,0.07704843
Canada,2004,0.029220108
Canada,2005,0.030431965
Canada,2006,0
Canada,2007,0
Canada,2008,0
Canada,2009,0.036373552
Canada,2011,0.12825327
Canada,2012,0.059287895
Canada,2013,0.3958632
Canada,2014,0.0071438467
Canada,2015,0
Canada,2016,0.261781
Canada,2017,0.01212661
Canada,2018,0.018836984
Canada,2019,0.061649624
Canada,2020,0.15099493
Canada,2021,0.10413045
Canada,2022,0.009815509
Canada,2023,0.01679443
Canada,2024,0.39933014
Cape Verde,1900,
Cape Verde,1910,
Cape Verde,1911,
Cape Verde,1912,
Cape Verde,1913,
Cape Verde,1914,
Cape Verde,1920,
Cape Verde,1940,
Cape Verde,1941,
Cape Verde,1942,
Cape Verde,1943,
Cape Verde,1944,
Cape Verde,1946,
Cape Verde,1972,
Cape Verde,1973,
Cape Verde,1974,
Cape Verde,1975,
Cape Verde,1982,2.1332471
Cape Verde,1983,0
Cape Verde,1984,0
Cape Verde,1985,0
Cape Verde,1992,0
Cape Verde,1995,0
Cape Verde,1998,0
Cape Verde,2002,0
Cape Verde,2009,0
Cape Verde,2014,0
Cape Verde,2015,0.062862255
Cape Verde,2017,0
Cape Verde,2020,0
Cape Verde,2022,0
Cape Verde,2025,
Cayman Islands,1903,
Cayman Islands,1932,
Cayman Islands,2001,
Cayman Islands,2002,
Cayman Islands,2004,
Cayman Islands,2008,0
Central African Republic,1973,0
Central African Republic,1981,0.017990695
Central African Republic,1983,0
Central African Republic,1984,0
Central African Republic,1995,0
Central African Republic,1996,0
Central African Republic,1998,0
Central African Republic,1999,0
Central African Republic,2001,0
Central African Republic,2002,0
Central African Republic,2003,0
Central African Republic,2004,0
Central African Republic,2005,0
Central African Republic,2007,0
Central African Republic,2008,0
Central African Republic,2009,0
Central African Republic,2010,0
Central African Republic,2011,0
Central African Republic,2012,0
Central African Republic,2013,0
Central African Republic,2015,0
Central African Republic,2017,0
Central African Republic,2019,0
Central African Republic,2021,0
Central African Republic,2022,0
Central African Republic,2023,0
Central African Republic,2024,5.2697678
Central African Republic,2025,
Chad,1910,
Chad,1911,
Chad,1912,
Chad,1913,
Chad,1914,
Chad,1940,
Chad,1941,
Chad,1942,
Chad,1943,
Chad,1944,
Chad,1966,0
Chad,1969,0.47914955
Chad,1970,1.9105701
Chad,1971,1.7864643
Chad,1972,1.5314739
Chad,1973,1.3853024
Chad,1974,1.3739799
Chad,1975,1.0369706
Chad,1976,1.035243
Chad,1977,0.95852566
Chad,1978,0.80928606
Chad,1981,0
Chad,1982,0
Chad,1983,0
Chad,1984,0
Chad,1985,0
Chad,1988,0.010589524
Chad,1991,0
Chad,1993,0
Chad,1995,0
Chad,1997,0
Chad,1998,0
Chad,1999,0
Chad,2001,0.058450703
Chad,2006,0
Chad,2007,0
Chad,2008,0
Chad,2009,0
Chad,2010,0
Chad,2012,0.055890188
Chad,2013,0
Chad,2017,0
Chad,2019,0
Chad,2020,0
Chad,2021,0
Chad,2022,0
Chad,2024,1.8423606
Chile,1906,
Chile,1922,
Chile,1928,
Chile,1939,
Chile,1943,
Chile,1946,
Chile,1948,
Chile,1949,
Chile,1953,
Chile,1958,
Chile,1960,13.060709
Chile,1964,0
Chile,1965,2.1830568
Chile,1966,0.005512009
Chile,1968,0.071550466
Chile,1969,0.1470823
Chile,1970,0.1343055
Chile,1971,2.2849312
Chile,1972,0.103438675
Chile,1974,0.06029795
Chile,1977,0.047643363
Chile,1978,0
Chile,1979,0
Chile,1982,0
Chile,1983,0.0048473855
Chile,1984,0
Chile,1985,8.364208
Chile,1986,0.089593515
Chile,1987,0.7874194
Chile,1988,0
Chile,1989,0
Chile,1990,0
Chile,1991,0.5780448
Chile,1992,0.25784883
Chile,1993,0.06808859
Chile,1995,0.015795086
Chile,1997,0.26871493
Chile,1999,0.37047482
Chile,2000,0.05105965
Chile,2001,0.012434554
Chile,2002,0.39849684
Chile,2003,0
Chile,2004,0
Chile,2005,0.0040885033
Chile,2006,0
Chile,2007,0.057974014
Chile,2008,0.012785264
Chile,2010,13.821624
Chile,2011,0.026520003
Chile,2012,0.16344301
Chile,2013,0.36049673
Chile,2014,0.051625635
Chile,2015,1.1961212
Chile,2016,0.040105097
Chile,2017,0.19988827
Chile,2019,0
Chile,2021,0.055498198
Chile,2022,0
Chile,2023,0.8240987
Chile,2024,0.6297932
Chile,2025,
China,1902,
China,1905,
China,1906,
China,1907,
China,1909,
China,1911,
China,1912,
China,1913,
China,1915,
China,1917,
China,1918,
China,1920,
China,1922,
China,1923,
China,1924,
China,1925,
China,1927,
China,1928,
China,1930,
China,1931,
China,1933,
China,1934,
China,1935,
China,1936,
China,1937,
China,1939,
China,1940,
China,1941,
China,1942,
China,1945,
China,1948,
China,1949,
China,1950,
China,1951,
China,1952,
China,1954,
China,1955,
China,1956,
China,1957,
China,1959,
China,1960,0
China,1961,0
China,1964,0
China,1965,0.038429275
China,1967,0
China,1969,0
China,1970,0
China,1973,0
China,1974,0
China,1975,0
China,1976,3.6317225
China,1978,0
China,1979,0
China,1980,0.08355637
China,1981,1.1721641
China,1982,0
China,1983,0.0021632821
China,1984,0
China,1985,0.1137666
China,1986,0.9718923
China,1987,0.08410885
China,1988,1.0147675
China,1989,1.117169
China,1990,0.81333196
China,1991,2.280773
China,1992,0.41611207
China,1993,1.6697768
China,1994,4.134782
China,1995,0.98246133
China,1996,2.4676926
China,1997,0.66157335
China,1998,3.2090185
China,1999,0.91753066
China,2000,0.12144466
China,2001,0.32833064
China,2002,0.4132575
China,2003,0.97205764
China,2004,0.21809736
China,2005,0.51014084
China,2006,0.4464875
China,2007,0.22138108
China,2008,2.3807523
China,2009,0.13314313
China,2010,0.3705436
China,2011,0.18267566
China,2012,0.22775301
China,2013,0.36383504
China,2014,0.27220836
China,2015,0.16375183
China,2016,0.3920877
China,2017,0.13148412
China,2018,0.10831514
China,2019,0.12806171
China,2020,0.15398347
China,2021,0.14040722
China,2022,0.08735167
China,2023,0.1617374
China,2024,0.03879789
China,2025,
Colombia,1906,
Colombia,1923,
Colombia,1926,
Colombia,1936,
Colombia,1949,
Colombia,1950,
Colombia,1954,
Colombia,1958,
Colombia,1959,
Colombia,1962,0
Colombia,1965,0
Colombia,1967,0.010300128
Colombia,1968,0.0008388962
Colombia,1969,0.0077517275
Colombia,1970,1.9344683
Colombia,1971,0
Colombia,1972,0
Colombia,1973,0
Colombia,1974,0
Colombia,1976,0
Colombia,1977,0
Colombia,1979,0.100213274
Colombia,1980,0
Colombia,1981,0.02748131
Colombia,1982,0
Colombia,1983,1.0609396
Colombia,1984,1.0456663
Colombia,1985,2.8657877
Colombia,1986,0.0071546133
Colombia,1987,0
Colombia,1988,0.1275102
Colombia,1989,0
Colombia,1990,0
Colombia,1991,0.00080583437
Colombia,1992,0
Colombia,1993,0
Colombia,1994,0.0029373788
Colombia,1995,0
Colombia,1996,0
Colombia,1997,0.0028127683
Colombia,1998,0
Colombia,1999,2.1533284
Colombia,2000,0
Colombia,2001,0
Colombia,2002,0
Colombia,2003,0
Colombia,2004,0
Colombia,2005,0.006868107
Colombia,2006,0
Colombia,2007,0
Colombia,2008,0.0041236407
Colombia,2009,0
Colombia,2010,0.28048012
Colombia,2011,0.75124866
Colombia,2012,0.02751617
Colombia,2013,0.0015702954
Colombia,2014,0.0020984109
Colombia,2015,0
Colombia,2016,0
Colombia,2017,0.033347562
Colombia,2018,0
Colombia,2019,0
Colombia,2020,0.059182905
Colombia,2021,0
Colombia,2022,0.0031825711
Colombia,2023,0
Colombia,2024,0.035838693
Colombia,2025,
Comoros,1903,
Comoros,1951,
Comoros,1977,
Comoros,1983,12.0028
Comoros,1985,2.830331
Comoros,1987,2.6664624
Comoros,1989,1.53334
Comoros,1991,0
Comoros,2003,0
Comoros,2005,0
Comoros,2006,0
Comoros,2009,0
Comoros,2012,0.4922021
Comoros,2014,0
Comoros,2019,0
Comoros,2024,0
Congo,1967,0
Congo,1983,0
Congo,1994,0
Congo,1998,0.0030264459
Congo,1999,0
Congo,2002,0
Congo,2003,0
Congo,2005,0
Congo,2006,0
Congo,2007,0
Congo,2012,0
Congo,2019,0
Congo,2020,0
Congo,2021,0
Congo,2022,0
Congo,2023,0
Congo,2024,0
Cook Islands,1942,
Cook Islands,1943,
Cook Islands,1946,
Cook Islands,1967,
Cook Islands,1981,
Cook Islands,1987,
Cook Islands,1990,
Cook Islands,1997,
Cook Islands,2001,
Cook Islands,2005,
Cook Islands,2010,
Costa Rica,1910,
Costa Rica,1952,
Costa Rica,1955,
Costa Rica,1963,0
Costa Rica,1968,0.64612716
Costa Rica,1969,0.46858698
Costa Rica,1970,3.0462105
Costa Rica,1973,0.013081079
Costa Rica,1975,0
Costa Rica,1976,0
Costa Rica,1980,0
Costa Rica,1983,0.19067155
Costa Rica,1988,1.4952445
Costa Rica,1990,0.3414052
Costa Rica,1991,1.385862
Costa Rica,1992,0
Costa Rica,1993,0
Costa Rica,1994,0.038131904
Costa Rica,1995,0.054410752
Costa Rica,1996,3.8532596
Costa Rica,1998,0.83373183
Costa Rica,1999,0.007015148
Costa Rica,2000,0
Costa Rica,2001,0
Costa Rica,2002,0.006031792
Costa Rica,2003,0
Costa Rica,2004,0
Costa Rica,2005,0.2245437
Costa Rica,2007,0.297567
Costa Rica,2008,0.07142452
Costa Rica,2009,0.65049714
Costa Rica,2010,0
Costa Rica,2011,0
Costa Rica,2012,0.09527508
Costa Rica,2015,0
Costa Rica,2016,0
Costa Rica,2017,0.30570406
Costa Rica,2018,0
Costa Rica,2019,0
Costa Rica,2020,0
Costa Rica,2021,0
Costa Rica,2022,0
Costa Rica,2024,0.0010277878
Cote d'Ivoire,1983,0
Cote d'Ivoire,1989,0
Cote d'Ivoire,1996,0
Cote d'Ivoire,2007,0
Cote d'Ivoire,2008,0
Cote d'Ivoire,2009,0
Cote d'Ivoire,2010,0
Cote d'Ivoire,2014,0
Cote d'Ivoire,2015,0
Cote d'Ivoire,2016,0
Cote d'Ivoire,2017,0
Cote d'Ivoire,2018,0
Cote d'Ivoire,2019,0
Cote d'Ivoire,2020,0
Cote d'Ivoire,2022,0
Cote d'Ivoire,2024,0
Cote d'Ivoire,2025,
Croatia,1996,0
Croatia,1997,0
Croatia,2000,1.1644764
Croatia,2001,0
Croatia,2003,0.9930397
Croatia,2005,0
Croatia,2006,0
Croatia,2007,0
Croatia,2010,0.1356352
Croatia,2012,0
Croatia,2014,0
Croatia,2015,0
Croatia,2017,0.28654727
Croatia,2018,0
Croatia,2019,0
Croatia,2020,22.468327
Croatia,2022,0
Croatia,2023,0
Croatia,2024,0
Croatia,2025,
Cuba,1909,
Cuba,1912,
Cuba,1926,
Cuba,1932,
Cuba,1933,
Cuba,1935,
Cuba,1944,
Cuba,1948,
Cuba,1955,
Cuba,1963,
Cuba,1964,
Cuba,1966,
Cuba,1968,
Cuba,1970,0
Cuba,1976,0
Cuba,1977,0
Cuba,1978,0
Cuba,1980,0
Cuba,1982,0.40565994
Cuba,1983,0.27021015
Cuba,1985,0
Cuba,1986,0
Cuba,1987,0
Cuba,1988,0
Cuba,1990,0
Cuba,1992,0.0117269615
Cuba,1993,5.0967364
Cuba,1994,0.35843232
Cuba,1995,0.0065725036
Cuba,1996,0.0519639
Cuba,1997,0
Cuba,1998,8.470516
Cuba,1999,0
Cuba,2000,0
Cuba,2001,0.31563264
Cuba,2002,0.13694347
Cuba,2003,0
Cuba,2004,3.149331
Cuba,2005,4.92451
Cuba,2006,0
Cuba,2007,0.92144036
Cuba,2008,6.3443427
Cuba,2012,0
Cuba,2013,0
Cuba,2015,0
Cuba,2016,2.8455603
Cuba,2017,0.5575595
Cuba,2018,0
Cuba,2019,0
Cuba,2020,0
Cuba,2021,
Cuba,2022,
Cuba,2023,
Cuba,2024,
Cyprus,1953,
Cyprus,1969,
Cyprus,1983,0
Cyprus,1995,0.043692138
Cyprus,1998,0
Cyprus,2000,0
Cyprus,2003,0.068741135
Cyprus,2004,0
Cyprus,2007,0
Cyprus,2021,0.15474452
Cyprus,2022,0
Cyprus,2023,0
Cyprus,2024,0
Cyprus,2025,
Czechia,1996,0.05309413
Czechia,1997,2.958118
Czechia,1998,0.07739568
Czechia,2000,0.12866776
Czechia,2002,2.929503
Czechia,2003,0
Czechia,2005,0
Czechia,2006,0
Czechia,2007,0.07893046
Czechia,2008,0.02114109
Czechia,2009,0.072473615
Czechia,2010,0.16458881
Czechia,2012,0
Czechia,2013,0.38894707
Czechia,2017,0.0013088793
Czechia,2018,0
Czechia,2020,0.012743437
Czechia,2021,0.24091606
Czechia,2022,0
Czechia,2023,0
Czechia,2024,0.8694728
Czechoslovakia,1974,
Czechoslovakia,1981,
Czechoslovakia,1984,
Czechoslovakia,1985,
Czechoslovakia,1987,
Democratic Republic of Congo,1966,0.00441242
Democratic Republic of Congo,1968,0
Democratic Republic of Congo,1977,0
Democratic Republic of Congo,1978,0
Democratic Republic of Congo,1979,0
Democratic Republic of Congo,1984,0
Democratic Republic of Congo,1989,0
Democratic Republic of Congo,1990,0
Democratic Republic of Congo,1992,0
Democratic Republic of Congo,1994,0
Democratic Republic of Congo,1997,0
Democratic Republic of Congo,1999,0
Democratic Republic of Congo,2001,0
Democratic Republic of Congo,2002,0.10311595
Democratic Republic of Congo,2003,0
Democratic Republic of Congo,2005,0
Democratic Republic of Congo,2006,0
Democratic Republic of Congo,2007,0
Democratic Republic of Congo,2008,0.035374053
Democratic Republic of Congo,2009,0
Democratic Republic of Congo,2010,0
Democratic Republic of Congo,2011,0
Democratic Republic of Congo,2012,0
Democratic Republic of Congo,2014,0.04177221
Democratic Republic of Congo,2015,0
Democratic Republic of Congo,2016,0
Democratic Republic of Congo,2017,0
Democratic Republic of Congo,2018,0
Democratic Republic of Congo,2019,0
Democratic Republic of Congo,2020,0
Democratic Republic of Congo,2021,0
Democratic Republic of Congo,2022,0
Democratic Republic of Congo,2023,0.014923868
Democratic Republic of Congo,2024,0
Democratic Republic of Congo,2025,
Denmark,1976,0
Denmark,1980,0
Denmark,1981,0.406769
Denmark,1983,0
Denmark,1985,0
Denmark,1990,0.13746427
Denmark,1992,0.4914148
Denmark,1999,1.4643726
Denmark,2002,0
Denmark,2005,0.49028835
Denmark,2007,0.031229198
Denmark,2010,0
Denmark,2013,0
Denmark,2022,0
Denmark,2023,0
Denmark,2024,0
Djibouti,1977,
Djibouti,1978,
Djibouti,1980,
Djibouti,1981,
Djibouti,1983,
Djibouti,1984,
Djibouti,1988,0
Djibouti,1989,0.268804
Djibouti,1993,0
Djibouti,1994,0.43096328
Djibouti,1995,0
Djibouti,1996,0
Djibouti,2001,0
Djibouti,2004,0
Djibouti,2005,0
Djibouti,2006,0
Djibouti,2007,0
Djibouti,2008,0
Djibouti,2009,0
Djibouti,2010,0
Djibouti,2011,0
Djibouti,2018,0
Djibouti,2019,0
Djibouti,2020,0
Djibouti,2022,0
Dominica,1956,
Dominica,1963,
Dominica,1970,
Dominica,1979,81.15562
Dominica,1980,0
Dominica,1984,1.8322221
Dominica,1989,10.802796
Dominica,1995,71.0325
Dominica,1999,0
Dominica,2004,0
Dominica,2007,4.497564
Dominica,2011,0
Dominica,2015,82.789505
Dominica,2017,258.45135
Dominican Republic,1926,
Dominican Republic,1930,
Dominican Republic,1946,
Dominican Republic,1963,6.3775516
Dominican Republic,1964,0.09750391
Dominican Republic,1965,0.11259993
Dominican Republic,1966,0.50818175
Dominican Republic,1968,0.46334907
Dominican Republic,1979,2.7278678
Dominican Republic,1980,0.6951326
Dominican Republic,1981,0
Dominican Republic,1983,0
Dominican Republic,1985,0
Dominican Republic,1986,0
Dominican Republic,1987,0.40672377
Dominican Republic,1988,0
Dominican Republic,1989,0
Dominican Republic,1991,0
Dominican Republic,1993,0
Dominican Republic,1995,0
Dominican Republic,1996,0
Dominican Republic,1998,9.1430435
Dominican Republic,2001,0.000039059716
Dominican Republic,2002,0.0018424729
Dominican Republic,2003,0.20894103
Dominican Republic,2004,1.3305029
Dominican Republic,2005,0
Dominican Republic,2007,0.37006325
Dominican Republic,2008,0
Dominican Republic,2009,0.1086663
Dominican Republic,2010,0
Dominican Republic,2011,0.05177032
Dominican Republic,2012,0.04953631
Dominican Republic,2013,0.00016305542
Dominican Republic,2014,0
Dominican Republic,2015,0
Dominican Republic,2016,0
Dominican Republic,2017,0.07967596
Dominican Republic,2018,0
Dominican Republic,2020,0.21006618
Dominican Republic,2021,0
Dominican Republic,2022,0
Dominican Republic,2023,0.014528098
Dominican Republic,2024,0
East Germany,1984,
East Germany,1985,
East Timor,2001,0
East Timor,2003,0
East Timor,2004,0
East Timor,2006,0
East Timor,2007,0
East Timor,2015,0.25152767
East Timor,2016,0
East Timor,2020,0.9248045
East Timor,2021,0
Ecuador,1924,
Ecuador,1931,
Ecuador,1942,
Ecuador,1949,
Ecuador,1950,
Ecuador,1953,
Ecuador,1964,0
Ecuador,1965,0.16757104
Ecuador,1966,0
Ecuador,1967,0.0039160475
Ecuador,1970,0.15790376
Ecuador,1971,0.0018153965
Ecuador,1973,0
Ecuador,1975,0
Ecuador,1976,0.2639706
Ecuador,1980,0
Ecuador,1982,0.26021862
Ecuador,1983,1.0508035
Ecuador,1985,0
Ecuador,1987,10.756214
Ecuador,1989,0.10798496
Ecuador,1990,0
Ecuador,1992,0.110532425
Ecuador,1993,2.6400943
Ecuador,1994,0
Ecuador,1995,0
Ecuador,1996,0.027748715
Ecuador,1997,0.48643118
Ecuador,1998,0.4789203
Ecuador,1999,0
Ecuador,2000,0
Ecuador,2001,0.047455244
Ecuador,2002,0.059140548
Ecuador,2003,0
Ecuador,2006,0.33442208
Ecuador,2008,1.6356055
Ecuador,2009,0.00040507046
Ecuador,2010,0.0021372628
Ecuador,2011,0
Ecuador,2012,0
Ecuador,2013,0
Ecuador,2015,0
Ecuador,2016,2.05792
Ecuador,2019,0
Ecuador,2020,0
Ecuador,2021,0
Ecuador,2022,0.045637283
Ecuador,2023,0.16921583
Ecuador,2024,0.088228635
Ecuador,2025,
Egypt,1926,
Egypt,1954,
Egypt,1955,
Egypt,1969,0
Egypt,1975,0
Egypt,1979,0.07768899
Egypt,1987,0
Egypt,1991,0
Egypt,1992,2.8669734
Egypt,1993,0
Egypt,1994,0.26976
Egypt,1995,0
Egypt,1996,0
Egypt,1997,0.0025498308
Egypt,2000,0
Egypt,2002,0
Egypt,2004,0
Egypt,2008,0
Egypt,2010,0
Egypt,2015,0
Egypt,2016,0.007520115
Egypt,2020,0.01980106
Egypt,2021,0
El Salvador,1934,
El Salvador,1936,
El Salvador,1951,
El Salvador,1965,3.9876041
El Salvador,1969,0.15246807
El Salvador,1982,8.384353
El Salvador,1986,39.770252
El Salvador,1988,0
El Salvador,1989,0
El Salvador,1992,0
El Salvador,1993,0
El Salvador,1994,0.013021878
El Salvador,1995,0
El Salvador,1996,0.00010431523
El Salvador,1997,0
El Salvador,1998,5.103016
El Salvador,1999,0.013292926
El Salvador,2000,0
El Salvador,2001,15.2322
El Salvador,2002,0
El Salvador,2005,2.420057
El Salvador,2006,0
El Salvador,2007,0
El Salvador,2008,0
El Salvador,2009,5.488131
El Salvador,2010,0.10841331
El Salvador,2011,4.9300475
El Salvador,2013,0
El Salvador,2015,0.18304154
El Salvador,2016,0.23602691
El Salvador,2017,0
El Salvador,2018,0.10009685
El Salvador,2019,0.040749565
El Salvador,2020,0.8827829
El Salvador,2021,0
El Salvador,2022,0.0533415
El Salvador,2023,0
El Salvador,2024,0
Equatorial Guinea,2025,
Eritrea,1993,1.1039327
Eritrea,1999,0
Eritrea,2000,0
Eritrea,2001,0
Eritrea,2002,0
Eritrea,2003,0
Eritrea,2004,0
Eritrea,2008,0
Estonia,2005,0.9213656
Estonia,2006,0
Estonia,2012,0
Estonia,2018,0
Estonia,2022,0
Estonia,2023,0
Estonia,2024,0
Eswatini,1983,0
Eswatini,1984,10.951227
Eswatini,1990,0.005043088
Eswatini,1991,0.029094508
Eswatini,1992,0.026181702
Eswatini,1993,0.024784453
Eswatini,1994,0.023699949
Eswatini,1995,0.0198528
Eswatini,2000,0.0028767146
Eswatini,2001,0
Eswatini,2002,0
Eswatini,2003,0
Eswatini,2004,0
Eswatini,2005,0
Eswatini,2006,0
Eswatini,2007,0
Eswatini,2008,0
Eswatini,2014,0
Eswatini,2016,0
Eswatini,2017,0
Eswatini,2019,0
Eswatini,2021,0
Eswatini,2022,0
Ethiopia,1961,0
Ethiopia,1965,0
Ethiopia,1968,0.03511519
Ethiopia,1969,0.047670856
Ethiopia,1973,0.031167915
Ethiopia,1974,0.32635757
Ethiopia,1975,0.32636914
Ethiopia,1976,0.3021573
Ethiopia,1977,0.26430455
Ethiopia,1978,0.24902903
Ethiopia,1981,0
Ethiopia,1983,0
Ethiopia,1984,0
Ethiopia,1985,0
Ethiopia,1987,0
Ethiopia,1988,0
Ethiopia,1989,0
Ethiopia,1990,0
Ethiopia,1991,0
Ethiopia,1992,0
Ethiopia,1993,0
Ethiopia,1994,0.049290173
Ethiopia,1995,0.006365206
Ethiopia,1996,0
Ethiopia,1997,0
Ethiopia,1998,0.19467698
Ethiopia,1999,0.034207642
Ethiopia,2000,0
Ethiopia,2001,0
Ethiopia,2002,0
Ethiopia,2003,0
Ethiopia,2004,0
Ethiopia,2005,0.049995407
Ethiopia,2006,0.020941228
Ethiopia,2007,0
Ethiopia,2008,0
Ethiopia,2009,0
Ethiopia,2010,0
Ethiopia,2011,0
Ethiopia,2012,0
Ethiopia,2013,0.004617166
Ethiopia,2015,0.43493417
Ethiopia,2016,1.1312208
Ethiopia,2017,0.3407306
Ethiopia,2018,0.000042720243
Ethiopia,2019,0
Ethiopia,2020,0
Ethiopia,2021,0
Ethiopia,2022,0.43459147
Ethiopia,2023,
Ethiopia,2024,
Ethiopia,2025,
Europe,1902,
Europe,1904,
Europe,1905,
Europe,1906,
Europe,1907,
Europe,1908,
Europe,1909,
Europe,1910,
Europe,1911,
Europe,1913,
Europe,1914,
Europe,1915,
Europe,1916,
Europe,1920,
Europe,1921,
Europe,1923,
Europe,1924,
Europe,1925,
Europe,1926,
Europe,1928,
Europe,1929,
Europe,1930,