Country name,Year,Number of total people affected by disasters
Afghanistan,1954,0
Afghanistan,1956,2000
Afghanistan,1963,0
Afghanistan,1969,48000
Afghanistan,1971,0
Afghanistan,1972,250015
Afghanistan,1973,0
Afghanistan,1976,170000
Afghanistan,1978,271684
Afghanistan,1980,30000
Afghanistan,1982,38000
Afghanistan,1983,34503
Afghanistan,1984,35
Afghanistan,1987,0
Afghanistan,1988,161000
Afghanistan,1990,0
Afghanistan,1991,146600
Afghanistan,1992,4000
Afghanistan,1993,1000
Afghanistan,1994,100330
Afghanistan,1995,7674
Afghanistan,1996,13105
Afghanistan,1997,20750
Afghanistan,1998,150053
Afghanistan,1999,92460
Afghanistan,2000,648307
Afghanistan,2001,1166116
Afghanistan,2002,1072683
Afghanistan,2003,4754
Afghanistan,2004,5540
Afghanistan,2005,41475
Afghanistan,2006,2233910
Afghanistan,2007,30255
Afghanistan,2008,451864
Afghanistan,2009,65857
Afghanistan,2010,46200
Afghanistan,2011,1762815
Afghanistan,2012,54812
Afghanistan,2013,21628
Afghanistan,2014,142055
Afghanistan,2015,129849
Afghanistan,2016,0
Afghanistan,2017,11240
Afghanistan,2018,7627203
Afghanistan,2019,6007739
Afghanistan,2020,51817
Afghanistan,2021,4592354
Afghanistan,2022,5192735
Afghanistan,2023,2293342
Afghanistan,2024,640084
Afghanistan,2025,87684
Africa,1900,0
Africa,1903,0
Africa,1906,0
Africa,1907,0
Africa,1909,0
Africa,1910,6396
Africa,1911,6396
Africa,1912,6396
Africa,1913,6396
Africa,1914,6416
Africa,1920,0
Africa,1926,0
Africa,1927,0
Africa,1939,7630
Africa,1940,0
Africa,1941,0
Africa,1942,0
Africa,1943,0
Africa,1944,0
Africa,1946,0
Africa,1948,0
Africa,1951,0
Africa,1952,0
Africa,1954,134250
Africa,1955,28
Africa,1956,0
Africa,1957,0
Africa,1959,0
Africa,1960,1250
Africa,1961,0
Africa,1962,0
Africa,1963,85785
Africa,1964,755400
Africa,1965,1963163
Africa,1966,47037
Africa,1967,184090
Africa,1968,617768
Africa,1969,2767776
Africa,1970,991136
Africa,1971,2006075
Africa,1972,3221956
Africa,1973,944125
Africa,1974,3288821
Africa,1975,2481495
Africa,1976,2938361
Africa,1977,5137696
Africa,1978,3614951
Africa,1979,2832933
Africa,1980,4184487
Africa,1981,5863395
Africa,1982,5530242
Africa,1983,11998913
Africa,1984,23525519
Africa,1985,15456191
Africa,1986,1161675
Africa,1987,12155076
Africa,1988,7205061
Africa,1989,2944134
Africa,1990,10528284
Africa,1991,13438295
Africa,1992,14972947
Africa,1993,6979347
Africa,1994,9158912
Africa,1995,6558917
Africa,1996,1994622
Africa,1997,6830228
Africa,1998,4901805
Africa,1999,4722533
Africa,2000,22384420
Africa,2001,17963590
Africa,2002,19419897
Africa,2003,13065877
Africa,2004,28122037
Africa,2005,10647917
Africa,2006,17513437
Africa,2007,8000855
Africa,2008,12221174
Africa,2009,22366126
Africa,2010,18911216
Africa,2011,20267425
Africa,2012,31184355
Africa,2013,7462587
Africa,2014,7748639
Africa,2015,12751326
Africa,2016,27753250
Africa,2017,25630445
Africa,2018,7322470
Africa,2019,18424666
Africa,2020,27315606
Africa,2021,35047592
Africa,2022,123417037
Africa,2023,21820171
Africa,2024,43710280
Africa,2025,5770905
Albania,1905,0
Albania,1920,0
Albania,1930,3048
Albania,1931,0
Albania,1942,110
Albania,1946,0
Albania,1962,154
Albania,1967,134
Albania,1979,350
Albania,1981,11000
Albania,1982,5005
Albania,1985,7111
Albania,1988,690
Albania,1989,1066666
Albania,1990,1066666
Albania,1991,1066668
Albania,1992,35000
Albania,1995,3500
Albania,1997,6000
Albania,1998,2100
Albania,2002,191884
Albania,2004,2500
Albania,2005,400500
Albania,2007,225
Albania,2009,4110
Albania,2010,16640
Albania,2012,230000
Albania,2013,2800
Albania,2015,42300
Albania,2016,4800
Albania,2017,21002
Albania,2018,1340
Albania,2019,207825
Albania,2021,84
Albania,2022,0
Albania,2023,0
Algeria,1910,0
Algeria,1927,0
Algeria,1946,0
Algeria,1952,0
Algeria,1954,134250
Algeria,1960,1250
Algeria,1963,45400
Algeria,1965,49350
Algeria,1966,35912
Algeria,1967,30215
Algeria,1969,200237
Algeria,1973,146000
Algeria,1974,20000
Algeria,1979,30000
Algeria,1980,930317
Algeria,1981,50
Algeria,1982,8514
Algeria,1984,1470
Algeria,1985,15000
Algeria,1987,3152
Algeria,1988,10364
Algeria,1989,12184
Algeria,1992,4508
Algeria,1993,712
Algeria,1994,43989
Algeria,1996,101
Algeria,1997,3000
Algeria,1999,15877
Algeria,2000,100
Algeria,2001,45423
Algeria,2002,2305
Algeria,2003,210511
Algeria,2004,27880
Algeria,2005,1825
Algeria,2006,60319
Algeria,2007,1305
Algeria,2008,59050
Algeria,2009,2548
Algeria,2011,793
Algeria,2012,101
Algeria,2014,420
Algeria,2015,35000
Algeria,2017,125000
Algeria,2018,200
Algeria,2019,125025
Algeria,2020,15000
Algeria,2021,45423
Algeria,2022,6768
Algeria,2023,31694
Algeria,2024,12000
Algeria,2025,100
American Samoa,1966,0
American Samoa,1989,0
American Samoa,2003,3
American Samoa,2004,23060
American Samoa,2005,0
American Samoa,2009,2500
Angola,1981,80000
Angola,1985,500000
Angola,1989,574674
Angola,1990,474674
Angola,1991,474674
Angola,1992,475978
Angola,1997,47883
Angola,1998,57117
Angola,2000,79011
Angola,2001,39928
Angola,2003,825
Angola,2004,339962
Angola,2005,28738
Angola,2006,225
Angola,2007,46000
Angola,2008,81400
Angola,2009,225065
Angola,2010,189781
Angola,2011,88780
Angola,2012,1229854
Angola,2013,606950
Angola,2015,5000
Angola,2016,9899
Angola,2017,1450250
Angola,2018,3000
Angola,2019,16165
Angola,2020,132917
Angola,2021,1328201
Angola,2022,213090
Angola,2023,160725
Angola,2024,2800000
Anguilla,1919,0
Anguilla,1920,0
Anguilla,1921,0
Anguilla,1922,0
Anguilla,1923,0
Anguilla,1955,0
Anguilla,1960,1250
Anguilla,1979,0
Anguilla,1999,150
Anguilla,2017,15000
Antigua and Barbuda,1950,0
Antigua and Barbuda,1960,0
Antigua and Barbuda,1966,0
Antigua and Barbuda,1983,75000
Antigua and Barbuda,1989,8030
Antigua and Barbuda,1990,0
Antigua and Barbuda,1995,3702
Antigua and Barbuda,1998,2025
Antigua and Barbuda,1999,5957
Antigua and Barbuda,2008,25800
Antigua and Barbuda,2010,5000
Antigua and Barbuda,2017,1800
Argentina,1920,0
Argentina,1944,155000
Argentina,1958,0
Argentina,1965,0
Argentina,1966,120000
Argentina,1967,212000
Argentina,1970,0
Argentina,1972,0
Argentina,1973,300
Argentina,1974,100000
Argentina,1975,0
Argentina,1977,42600
Argentina,1978,1700
Argentina,1979,20000
Argentina,1980,40000
Argentina,1982,50000
Argentina,1983,6080000
Argentina,1984,12014
Argentina,1985,1251238
Argentina,1986,205000
Argentina,1987,165752
Argentina,1988,4600000
Argentina,1990,2000
Argentina,1991,63200
Argentina,1992,88074
Argentina,1993,8000
Argentina,1994,0
Argentina,1995,33500
Argentina,1997,12500
Argentina,1998,364000
Argentina,1999,0
Argentina,2000,38570
Argentina,2001,256950
Argentina,2002,11927
Argentina,2003,163900
Argentina,2004,6307
Argentina,2005,252
Argentina,2006,4500
Argentina,2007,135000
Argentina,2008,85000
Argentina,2009,54152
Argentina,2010,0
Argentina,2011,3000
Argentina,2012,19530
Argentina,2013,350012
Argentina,2014,7553
Argentina,2015,109221
Argentina,2016,122181
Argentina,2017,54443
Argentina,2018,64620
Argentina,2019,47017
Argentina,2020,14916
Argentina,2021,14811
Argentina,2022,124085
Argentina,2023,52820
Argentina,2024,802406
Argentina,2025,238200
Armenia,1931,0
Armenia,1997,22000
Armenia,1998,144
Armenia,2000,297000
Armenia,2004,0
Armenia,2013,68133
Armenia,2014,7867
Armenia,2016,750
Armenia,2018,9900
Armenia,2019,11700
Armenia,2020,2836
Armenia,2023,18000
Armenia,2024,429
Armenia,2025,20000
Asia,1900,0
Asia,1901,24
Asia,1902,0
Asia,1903,60000
Asia,1904,2349
Asia,1905,177
Asia,1906,35918
Asia,1907,0
Asia,1909,3345
Asia,1910,0
Asia,1911,1465
Asia,1912,518195
Asia,1913,112
Asia,1914,53640
Asia,1915,3000000
Asia,1916,2153
Asia,1917,635475
Asia,1918,0
Asia,1919,0
Asia,1920,20000000
Asia,1922,417
Asia,1923,228733
Asia,1924,1012390
Asia,1925,17628
Asia,1926,40000
Asia,1927,253494
Asia,1928,2209
Asia,1929,1121
Asia,1930,27376
Asia,1931,0
Asia,1932,5940
Asia,1933,3600150
Asia,1934,0
Asia,1935,10312592
Asia,1936,221516
Asia,1937,200
Asia,1938,6430
Asia,1939,586557
Asia,1940,64205
Asia,1941,46172
Asia,1942,0
Asia,1943,74313
Asia,1944,90573
Asia,1945,1906261
Asia,1946,3884
Asia,1947,0
Asia,1948,753353
Asia,1949,199468
Asia,1950,10667167
Asia,1951,657297
Asia,1952,1505457
Asia,1953,3683579
Asia,1954,160271
Asia,1955,377113
Asia,1956,12096036
Asia,1957,533470
Asia,1958,29345
Asia,1959,2504805
Asia,1960,890713
Asia,1961,1305555
Asia,1962,215000
Asia,1963,6080218
Asia,1964,6056559
Asia,1965,53243216
Asia,1966,39203250
Asia,1967,37270983
Asia,1968,26621416
Asia,1969,3118725
Asia,1970,27240347
Asia,1971,8213607
Asia,1972,111588190
Asia,1973,110514287
Asia,1974,40990299
Asia,1975,48191216
Asia,1976,14663136
Asia,1977,21612438
Asia,1978,50921547
Asia,1979,42834366
Asia,1980,65200141
Asia,1981,23428990
Asia,1982,81559028
Asia,1983,100471358
Asia,1984,58535203
Asia,1985,19008427
Asia,1986,28004197
Asia,1987,358778542
Asia,1988,185773716
Asia,1989,158379220
Asia,1990,65216745
Asia,1991,257036538
Asia,1992,49909743
Asia,1993,162262298
Asia,1994,246957297
Asia,1995,220650281
Asia,1996,214078844
Asia,1997,56162320
Asia,1998,324690640
Asia,1999,205355731
Asia,2000,139848676
Asia,2001,127168539
Asia,2002,648819905
Asia,2003,233716583
Asia,2004,132282705
Asia,2005,129517234
Asia,2006,118359768
Asia,2007,191006479
Asia,2008,178864827
Asia,2009,135460229
Asia,2010,236816002
Asia,2011,206289497
Asia,2012,91009099
Asia,2013,87071609
Asia,2014,98553257
Asia,2015,223358607
Asia,2016,261357285
Asia,2017,67317667
Asia,2018,60141282
Asia,2019,89484109
Asia,2020,58634292
Asia,2021,54893745
Asia,2022,75427965
Asia,2023,85916985
Asia,2024,113549055
Asia,2025,43642300
Australia,1939,3900
Australia,1944,2100
Australia,1955,15000
Australia,1967,3100
Australia,1968,6090
Australia,1969,0
Australia,1970,0
Australia,1971,0
Australia,1973,6000
Australia,1974,51640
Australia,1975,0
Australia,1976,10000
Australia,1977,0
Australia,1978,100
Australia,1979,0
Australia,1981,40000
Australia,1982,40000
Australia,1983,11000
Australia,1984,0
Australia,1985,100
Australia,1986,1012
Australia,1988,0
Australia,1989,2115
Australia,1990,6243
Australia,1991,965
Australia,1992,192837
Australia,1993,5302194
Australia,1994,6280878
Australia,1995,3200964
Australia,1996,636133
Australia,1997,400
Australia,1998,15175
Australia,1999,12697
Australia,2000,2150
Australia,2001,5547
Australia,2002,3434
Australia,2003,5190
Australia,2004,4265
Australia,2005,4420
Australia,2006,10271
Australia,2007,5820
Australia,2008,20400
Australia,2009,36554
Australia,2010,40166
Australia,2011,153471
Australia,2012,16000
Australia,2013,8940
Australia,2014,52829
Australia,2015,8781
Australia,2016,820
Australia,2017,51143
Australia,2018,600
Australia,2019,16481
Australia,2020,2929
Australia,2021,28718
Australia,2022,247212
Australia,2023,4137
Australia,2024,9978
Australia,2025,50890
Austria,1952,0
Austria,1954,380
Austria,1975,0
Austria,1976,0
Austria,1980,0
Austria,1981,0
Austria,1982,0
Austria,1983,0
Austria,1984,0
Austria,1985,0
Austria,1990,0
Austria,1991,0
Austria,1993,0
Austria,1994,0
Austria,1996,0
Austria,1997,0
Austria,1998,0
Austria,1999,10000
Austria,2000,0
Austria,2002,60300
Austria,2003,0
Austria,2005,900
Austria,2006,1840
Austria,2007,480
Austria,2008,0
Austria,2009,0
Austria,2012,0
Austria,2013,200
Austria,2016,0
Austria,2017,330
Austria,2019,0
Austria,2021,0
Austria,2022,13
Austria,2023,0
Austria,2024,2220
Azerbaijan,1995,1658800
Azerbaijan,1997,75000
Azerbaijan,1998,700010
Azerbaijan,1999,9168
Azerbaijan,2000,3294
Azerbaijan,2003,31500
Azerbaijan,2009,5000
Azerbaijan,2010,70000
Azerbaijan,2012,22499
Bahamas,1926,0
Bahamas,1929,0
Bahamas,1935,0
Bahamas,1945,0
Bahamas,1956,0
Bahamas,1963,0
Bahamas,1965,1200
Bahamas,1966,3
Bahamas,1988,0
Bahamas,1990,0
Bahamas,1992,1700
Bahamas,1995,0
Bahamas,1999,0
Bahamas,2001,0
Bahamas,2004,9000
Bahamas,2005,1500
Bahamas,2007,7000
Bahamas,2008,3000
Bahamas,2011,10000
Bahamas,2012,0
Bahamas,2013,1000
Bahamas,2015,6710
Bahamas,2016,0
Bahamas,2017,0
Bahamas,2019,14940
Bangladesh,1904,0
Bangladesh,1909,0
Bangladesh,1911,0
Bangladesh,1919,0
Bangladesh,1922,0
Bangladesh,1923,25000
Bangladesh,1926,0
Bangladesh,1937,0
Bangladesh,1941,0
Bangladesh,1942,0
Bangladesh,1943,0
Bangladesh,1947,0
Bangladesh,1951,0
Bangladesh,1958,0
Bangladesh,1960,200000
Bangladesh,1961,0
Bangladesh,1963,1000000
Bangladesh,1964,1000800
Bangladesh,1965,15660000
Bangladesh,1966,2300000
Bangladesh,1967,200
Bangladesh,1968,15905754
Bangladesh,1969,199473
Bangladesh,1970,13648110
Bangladesh,1971,0
Bangladesh,1972,25000
Bangladesh,1973,50000
Bangladesh,1974,38000000
Bangladesh,1976,4000200
Bangladesh,1977,224250
Bangladesh,1978,400100
Bangladesh,1979,150
Bangladesh,1980,10001050
Bangladesh,1981,2037000
Bangladesh,1982,308000
Bangladesh,1983,27165350
Bangladesh,1984,30000000
Bangladesh,1985,2331300
Bangladesh,1986,3123100
Bangladesh,1987,29700000
Bangladesh,1988,55574160
Bangladesh,1989,5304100
Bangladesh,1990,2070170
Bangladesh,1991,18429149
Bangladesh,1992,85500
Bangladesh,1993,16619633
Bangladesh,1994,1054109
Bangladesh,1995,17091901
Bangladesh,1996,5947010
Bangladesh,1997,4703632
Bangladesh,1998,15264294
Bangladesh,1999,612130
Bangladesh,2000,2826797
Bangladesh,2001,730750
Bangladesh,2002,1619108
Bangladesh,2003,585287
Bangladesh,2004,36890030
Bangladesh,2005,1186106
Bangladesh,2006,230424
Bangladesh,2007,22930206
Bangladesh,2008,636090
Bangladesh,2009,4472258
Bangladesh,2010,919682
Bangladesh,2011,1672680
Bangladesh,2012,5608987
Bangladesh,2013,1581374
Bangladesh,2014,3205709
Bangladesh,2015,4073354
Bangladesh,2016,3103625
Bangladesh,2017,11466224
Bangladesh,2018,14000
Bangladesh,2019,7884067
Bangladesh,2020,8048271
Bangladesh,2021,1568744
Bangladesh,2022,8200000
Bangladesh,2023,3250018
Bangladesh,2024,48778944
Bangladesh,2025,25454
Barbados,1955,0
Barbados,1970,210
Barbados,1980,5007
Barbados,1984,100
Barbados,1987,230
Barbados,1995,0
Barbados,2002,2000
Barbados,2004,880
Barbados,2007,1
Barbados,2010,2500
Barbados,2017,0
Barbados,2021,3300
Barbados,2023,179
Barbados,2024,2500
Belarus,1993,40000
Belarus,1996,0
Belarus,1997,21390
Belarus,1999,2000
Belarus,2000,0
Belarus,2006,1820
Belarus,2007,0
Belarus,2012,130
Belarus,2013,11325
Belarus,2014,31500
Belarus,2017,50539
Belarus,2018,50000
Belarus,2023,420
Belgium,1926,140000
Belgium,1928,6000
Belgium,1930,0
Belgium,1953,350
Belgium,1956,0
Belgium,1963,0
Belgium,1967,100
Belgium,1971,600
Belgium,1972,0
Belgium,1976,3600
Belgium,1983,1030
Belgium,1984,0
Belgium,1985,0
Belgium,1990,0
Belgium,1992,0
Belgium,1993,2907
Belgium,1994,343
Belgium,1995,800
Belgium,1998,140
Belgium,1999,905
Belgium,2002,2400
Belgium,2003,0
Belgium,2005,210
Belgium,2006,0
Belgium,2007,2
Belgium,2008,0
Belgium,2009,0
Belgium,2010,690
Belgium,2011,71
Belgium,2012,0
Belgium,2013,0
Belgium,2014,0
Belgium,2015,0
Belgium,2016,0
Belgium,2018,0
Belgium,2019,0
Belgium,2020,0
Belgium,2021,101950
Belgium,2022,0
Belgium,2023,3000
Belgium,2024,0
Belize,1931,0
Belize,1955,0
Belize,1961,0
Belize,1974,70000
Belize,1978,6000
Belize,1979,17000
Belize,1990,0
Belize,1995,2600
Belize,1998,60000
Belize,2000,62570
Belize,2001,20000
Belize,2005,0
Belize,2007,20000
Belize,2008,48000
Belize,2010,0
Belize,2015,20000
Belize,2016,10355
Belize,2020,60000
Belize,2022,172150
Belize,2024,962
Benin,1970,0
Benin,1972,28809
Benin,1973,28730
Benin,1974,28730
Benin,1975,28731
Benin,1978,7200
Benin,1982,580000
Benin,1983,699361
Benin,1984,699361
Benin,1985,1176278
Benin,1988,84000
Benin,1991,0
Benin,1994,34000
Benin,1995,123000
Benin,1996,148727
Benin,1997,51000
Benin,1998,420000
Benin,1999,57469
Benin,2007,10884
Benin,2008,158235
Benin,2009,120457
Benin,2010,831000
Benin,2011,5840
Benin,2012,55000
Benin,2013,35494
Benin,2020,7000
Benin,2021,35850
Benin,2022,73000
Benin,2024,34052
Bermuda,1948,0
Bermuda,1985,0
Bermuda,1986,0
Bermuda,1987,40
Bermuda,1989,0
Bermuda,2003,0
Bhutan,1994,65600
Bhutan,1999,0
Bhutan,2000,1000
Bhutan,2004,0
Bhutan,2009,12
Bhutan,2011,20016
Bhutan,2021,502
Bolivia,1965,500
Bolivia,1966,6100
Bolivia,1968,26200
Bolivia,1974,18000
Bolivia,1977,90000
Bolivia,1978,178000
Bolivia,1980,15000
Bolivia,1982,30000
Bolivia,1983,3133049
Bolivia,1984,3000
Bolivia,1985,475
Bolivia,1986,310000
Bolivia,1987,20000
Bolivia,1988,0
Bolivia,1990,283160
Bolivia,1992,40650
Bolivia,1994,215000
Bolivia,1996,0
Bolivia,1997,190000
Bolivia,1998,18073
Bolivia,1999,7900
Bolivia,2000,52287
Bolivia,2001,357250
Bolivia,2002,17231
Bolivia,2003,27589
Bolivia,2004,42013
Bolivia,2005,46928
Bolivia,2006,126600
Bolivia,2007,460751
Bolivia,2008,372575
Bolivia,2009,88348
Bolivia,2010,290660
Bolivia,2011,92825
Bolivia,2012,69085
Bolivia,2013,709414
Bolivia,2014,307823
Bolivia,2015,169222
Bolivia,2016,670420
Bolivia,2018,12186
Bolivia,2019,388540
Bolivia,2020,163611
Bolivia,2021,287807
Bolivia,2022,390790
Bolivia,2023,1383148
Bolivia,2024,908179
Bolivia,2025,3059115
Bosnia and Herzegovina,1999,1090
Bosnia and Herzegovina,2000,403
Bosnia and Herzegovina,2001,9000
Bosnia and Herzegovina,2003,62575
Bosnia and Herzegovina,2004,278000
Bosnia and Herzegovina,2005,3100
Bosnia and Herzegovina,2007,0
Bosnia and Herzegovina,2009,13730
Bosnia and Herzegovina,2010,34910
Bosnia and Herzegovina,2012,10347
Bosnia and Herzegovina,2014,1000600
Bosnia and Herzegovina,2015,0
Bosnia and Herzegovina,2019,800
Bosnia and Herzegovina,2020,3000
Bosnia and Herzegovina,2021,250000
Bosnia and Herzegovina,2022,4052
Bosnia and Herzegovina,2023,10020
Bosnia and Herzegovina,2024,5000
Bosnia and Herzegovina,2025,3000
Botswana,1965,60000
Botswana,1968,60000
Botswana,1970,87600
Botswana,1972,1000
Botswana,1982,135772
Botswana,1983,180206
Botswana,1984,180206
Botswana,1985,180206
Botswana,1986,180206
Botswana,1987,180704
Botswana,1988,12007
Botswana,1992,100000
Botswana,1995,5500
Botswana,2000,138776
Botswana,2004,4960
Botswana,2009,5056
Botswana,2011,0
Botswana,2013,4210
Botswana,2015,0
Botswana,2017,3250
Botswana,2018,4225
Botswana,2019,38000
Botswana,2023,18601
Botswana,2024,123399
Botswana,2025,190000
Brazil,1948,0
Brazil,1949,0
Brazil,1956,0
Brazil,1957,0
Brazil,1959,0
Brazil,1964,120000
Brazil,1965,270000
Brazil,1966,4208138
Brazil,1967,189543
Brazil,1968,0
Brazil,1969,38305
Brazil,1970,10104371
Brazil,1971,13000
Brazil,1973,0
Brazil,1974,325000
Brazil,1975,828600
Brazil,1977,131100
Brazil,1978,1000
Brazil,1979,6500000
Brazil,1980,271048
Brazil,1981,52300
Brazil,1982,4300
Brazil,1983,23338340
Brazil,1984,391700
Brazil,1985,615000
Brazil,1986,31335
Brazil,1987,287224
Brazil,1988,3545010
Brazil,1989,1156944
Brazil,1990,2800
Brazil,1991,17600
Brazil,1992,147553
Brazil,1994,1000
Brazil,1995,35800
Brazil,1996,14105
Brazil,1997,62876
Brazil,1998,4356375
Brazil,1999,5703134
Brazil,2000,230000
Brazil,2001,1014446
Brazil,2002,5000
Brazil,2003,97665
Brazil,2004,263630
Brazil,2005,41344
Brazil,2006,116000
Brazil,2007,1211638
Brazil,2008,1753991
Brazil,2009,1865046
Brazil,2010,303523
Brazil,2011,1212981
Brazil,2012,2780747
Brazil,2013,1777410
Brazil,2014,9619057
Brazil,2015,9301335
Brazil,2016,9066924
Brazil,2017,104140
Brazil,2018,1550
Brazil,2019,10048973
Brazil,2020,18280
Brazil,2021,1344896
Brazil,2022,487235
Brazil,2023,1239520
Brazil,2024,2618588
Brazil,2025,10610
British Virgin Islands,1996,3
British Virgin Islands,2017,0
Brunei,1998,0
Bulgaria,1928,0
Bulgaria,1965,0
Bulgaria,1977,165
Bulgaria,1981,0
Bulgaria,1986,3060
Bulgaria,1990,0
Bulgaria,1993,5000
Bulgaria,1997,55
Bulgaria,1998,468
Bulgaria,1999,850
Bulgaria,2000,167
Bulgaria,2001,0
Bulgaria,2002,0
Bulgaria,2005,25240
Bulgaria,2006,4747
Bulgaria,2007,1129
Bulgaria,2008,0
Bulgaria,2010,90
Bulgaria,2012,38160
Bulgaria,2014,9287
Bulgaria,2015,0
Bulgaria,2017,0
Bulgaria,2018,600
Bulgaria,2021,525
Bulgaria,2022,10937
Bulgaria,2023,4036
Bulgaria,2024,0
Bulgaria,2025,100
Burkina Faso,1910,0
Burkina Faso,1911,0
Burkina Faso,1912,0
Burkina Faso,1913,0
Burkina Faso,1914,0
Burkina Faso,1940,0
Burkina Faso,1941,0
Burkina Faso,1942,0
Burkina Faso,1943,0
Burkina Faso,1944,0
Burkina Faso,1966,0
Burkina Faso,1969,108728
Burkina Faso,1970,144312
Burkina Faso,1971,144312
Burkina Faso,1972,144312
Burkina Faso,1973,144312
Burkina Faso,1974,144312
Burkina Faso,1975,144712
Burkina Faso,1977,221900
Burkina Faso,1978,221000
Burkina Faso,1980,40408
Burkina Faso,1981,241785
Burkina Faso,1982,241785
Burkina Faso,1983,241785
Burkina Faso,1984,243285
Burkina Faso,1985,243024
Burkina Faso,1988,233324
Burkina Faso,1990,2600000
Burkina Faso,1994,66500
Burkina Faso,1995,5902
Burkina Faso,1996,69688
Burkina Faso,1998,20700
Burkina Faso,1999,1560
Burkina Faso,2001,0
Burkina Faso,2003,12120
Burkina Faso,2006,25610
Burkina Faso,2007,121043
Burkina Faso,2008,4870
Burkina Faso,2009,151500
Burkina Faso,2010,133362
Burkina Faso,2011,222544
Burkina Faso,2012,2648456
Burkina Faso,2013,11396
Burkina Faso,2014,4000000
Burkina Faso,2015,28925
Burkina Faso,2016,34893
Burkina Faso,2017,882
Burkina Faso,2020,3030452
Burkina Faso,2022,3500928
Burkina Faso,2024,7684
Burundi,1989,3600
Burundi,1999,103470
Burundi,2000,288774
Burundi,2001,289066
Burundi,2002,8000
Burundi,2003,0
Burundi,2004,25620
Burundi,2005,1986691
Burundi,2006,182566
Burundi,2007,27754
Burundi,2008,69059
Burundi,2009,86716
Burundi,2010,121490
Burundi,2011,735
Burundi,2014,12682
Burundi,2015,5741
Burundi,2016,1438
Burundi,2017,810
Burundi,2018,47956
Burundi,2019,13715
Burundi,2020,41762
Burundi,2021,52182
Burundi,2023,9585
Burundi,2024,237830
Cambodia,1987,0
Cambodia,1991,900000
Cambodia,1994,1161275
Cambodia,1995,1931216
Cambodia,1996,3236509
Cambodia,1997,0
Cambodia,1999,660379
Cambodia,2000,3448053
Cambodia,2001,1969182
Cambodia,2002,2120000
Cambodia,2004,0
Cambodia,2005,600000
Cambodia,2006,38000
Cambodia,2007,19000
Cambodia,2009,178091
Cambodia,2010,0
Cambodia,2011,1640023
Cambodia,2012,71500
Cambodia,2013,1500000
Cambodia,2014,530450
Cambodia,2015,28300
Cambodia,2016,2500000
Cambodia,2018,5817
Cambodia,2019,435000
Cambodia,2020,759360
Cambodia,2021,13726
Cambodia,2022,167770
Cambodia,2023,14100
Cambodia,2024,0
Cameroon,1971,400000
Cameroon,1984,0
Cameroon,1986,10437
Cameroon,1988,1000
Cameroon,1990,93450
Cameroon,1991,93650
Cameroon,1994,0
Cameroon,1999,4010
Cameroon,2000,500
Cameroon,2001,1500
Cameroon,2003,100
Cameroon,2005,0
Cameroon,2007,10296
Cameroon,2008,25000
Cameroon,2010,3095
Cameroon,2012,63980
Cameroon,2013,805
Cameroon,2014,250000
Cameroon,2015,30000
Cameroon,2017,12890
Cameroon,2019,0
Cameroon,2020,26402
Cameroon,2022,2542472
Cameroon,2023,95260
Cameroon,2024,500008
Canada,1903,23
Canada,1905,18
Canada,1908,0
Canada,1910,0
Canada,1911,200
Canada,1912,2700
Canada,1915,22
Canada,1922,11000
Canada,1928,0
Canada,1931,2497
Canada,1932,2497
Canada,1933,2497
Canada,1934,2497
Canada,1935,2497
Canada,1936,2497
Canada,1937,2497
Canada,1938,2497
Canada,1939,2497
Canada,1940,2527
Canada,1946,0
Canada,1950,107000
Canada,1954,0
Canada,1955,2006
Canada,1959,0
Canada,1961,0
Canada,1962,0
Canada,1965,22
Canada,1966,0
Canada,1970,0
Canada,1971,1500
Canada,1974,0
Canada,1975,340
Canada,1977,0
Canada,1978,0
Canada,1979,0
Canada,1980,5000
Canada,1981,0
Canada,1982,200
Canada,1983,0
Canada,1984,24078
Canada,1985,6922
Canada,1986,8900
Canada,1987,250
Canada,1988,0
Canada,1989,25000
Canada,1990,0
Canada,1991,0
Canada,1992,0
Canada,1993,200
Canada,1994,4304
Canada,1995,12100
Canada,1996,12000
Canada,1997,30600
Canada,1998,13100
Canada,1999,5700
Canada,2000,840
Canada,2001,1230
Canada,2002,600
Canada,2003,2670
Canada,2004,1000
Canada,2005,5900
Canada,2006,3900
Canada,2007,500
Canada,2008,2400
Canada,2009,203
Canada,2011,9000
Canada,2012,1500
Canada,2013,100000
Canada,2014,6904
Canada,2015,13036
Canada,2016,88300
Canada,2017,62554
Canada,2018,7930
Canada,2019,19500
Canada,2020,72936
Canada,2021,15552
Canada,2022,6000
Canada,2023,31450
Canada,2024,3520
Cape Verde,1900,0
Cape Verde,1910,0
Cape Verde,1911,0
Cape Verde,1912,0
Cape Verde,1913,0
Cape Verde,1914,0
Cape Verde,1920,0
Cape Verde,1940,0
Cape Verde,1941,0
Cape Verde,1942,0
Cape Verde,1943,0
Cape Verde,1944,0
Cape Verde,1946,0
Cape Verde,1972,0
Cape Verde,1973,0
Cape Verde,1974,0
Cape Verde,1975,0
Cape Verde,1982,2222
Cape Verde,1983,0
Cape Verde,1984,5500
Cape Verde,1985,0
Cape Verde,1992,0
Cape Verde,1995,6306
Cape Verde,1998,10000
Cape Verde,2002,30000
Cape Verde,2009,150
Cape Verde,2014,1392
Cape Verde,2015,1108
Cape Verde,2017,70000
Cape Verde,2020,25000
Cape Verde,2022,46093
Cape Verde,2025,119000
Cayman Islands,1903,1000
Cayman Islands,1932,0
Cayman Islands,2001,0
Cayman Islands,2002,300
Cayman Islands,2004,0
Cayman Islands,2008,0
Central African Republic,1973,13000
Central African Republic,1981,1850
Central African Republic,1983,0
Central African Republic,1984,0
Central African Republic,1995,3999
Central African Republic,1996,17500
Central African Republic,1998,9200
Central African Republic,1999,45919
Central African Republic,2001,3000
Central African Republic,2002,750
Central African Republic,2003,240
Central African Republic,2004,12702
Central African Republic,2005,23805
Central African Republic,2007,7812
Central African Republic,2008,795
Central African Republic,2009,23972
Central African Republic,2010,1585
Central African Republic,2011,4766
Central African Republic,2012,3893
Central African Republic,2013,41737
Central African Republic,2015,1116
Central African Republic,2017,7190
Central African Republic,2019,44918
Central African Republic,2021,3957
Central African Republic,2022,2369695
Central African Republic,2023,6066
Central African Republic,2024,2700
Central African Republic,2025,2500
Chad,1910,0
Chad,1911,0
Chad,1912,0
Chad,1913,0
Chad,1914,0
Chad,1940,0
Chad,1941,0
Chad,1942,0
Chad,1943,0
Chad,1944,0
Chad,1966,0
Chad,1969,24504
Chad,1970,97218
Chad,1971,97218
Chad,1972,97218
Chad,1973,97218
Chad,1974,97218
Chad,1975,97218
Chad,1976,97218
Chad,1977,97318
Chad,1978,97752
Chad,1981,60118
Chad,1982,359724
Chad,1983,359724
Chad,1984,359724
Chad,1985,361210
Chad,1988,48698
Chad,1991,14
Chad,1993,300000
Chad,1995,80686
Chad,1997,356000
Chad,1998,1000
Chad,1999,173506
Chad,2001,975763
Chad,2006,0
Chad,2007,173145
Chad,2008,14450
Chad,2009,319087
Chad,2010,2238407
Chad,2012,1867843
Chad,2013,345788
Chad,2017,1886800
Chad,2019,460
Chad,2020,36934
Chad,2021,269180
Chad,2022,3235591
Chad,2024,1945674
Chile,1906,0
Chile,1922,0
Chile,1928,0
Chile,1939,58500
Chile,1943,35
Chile,1946,0
Chile,1948,0
Chile,1949,173
Chile,1953,55
Chile,1958,35
Chile,1960,2003000
Chile,1964,2000
Chile,1965,395350
Chile,1966,3006
Chile,1968,11375
Chile,1969,27137
Chile,1970,27137
Chile,1971,2466110
Chile,1972,27214
Chile,1974,40000
Chile,1977,16800
Chile,1978,6000
Chile,1979,0
Chile,1982,8000
Chile,1983,1524
Chile,1984,323173
Chile,1985,1482275
Chile,1986,84924
Chile,1987,202506
Chile,1988,2000
Chile,1989,0
Chile,1990,2500
Chile,1991,146011
Chile,1992,38000
Chile,1993,3626
Chile,1995,11833
Chile,1997,132448
Chile,1999,1000
Chile,2000,181667
Chile,2001,14959
Chile,2002,255642
Chile,2003,285
Chile,2004,9000
Chile,2005,29105
Chile,2006,95862
Chile,2007,25155
Chile,2008,152755
Chile,2010,2671706
Chile,2011,29735
Chile,2012,30401
Chile,2013,0
Chile,2014,538942
Chile,2015,884066
Chile,2016,100
Chile,2017,26974
Chile,2019,2127
Chile,2021,1131
Chile,2022,13051
Chile,2023,64589
Chile,2024,74117
Chile,2025,500
China,1902,0
China,1905,0
China,1906,10000
China,1907,0
China,1909,0
China,1911,0
China,1912,500000
China,1913,112
China,1915,3000000
China,1917,635000
China,1918,0
China,1920,20000000
China,1922,0
China,1923,0
China,1924,0
China,1925,1500
China,1927,133894
China,1928,0
China,1930,0
China,1931,0
China,1933,3600150
China,1934,0
China,1935,10030000
China,1936,70576
China,1937,0
China,1939,0
China,1940,64205
China,1941,32168
China,1942,0
China,1945,30
China,1948,7200
China,1949,5067
China,1950,10000000
China,1951,149450
China,1952,4170
China,1954,0
China,1955,113
China,1956,11016617
China,1957,0
China,1959,0
China,1960,0
China,1961,0
China,1964,0
China,1965,0
China,1967,2085
China,1969,53810
China,1970,14000
China,1973,840
China,1974,0
China,1975,11000000
China,1976,164000
China,1978,6000000
China,1979,574636
China,1980,107200
China,1981,3212990
China,1982,816148
China,1983,40063
China,1984,28040
China,1985,235800
China,1986,14446346
China,1987,2570718
China,1988,76255361
China,1989,138280356
China,1990,48277041
China,1991,218875483
China,1992,28930168
China,1993,8799913
China,1994,222738656
China,1995,146863023
China,1996,175303473
China,1997,15841183
China,1998,254900724
China,1999,131415462
China,2000,25392373
China,2001,40370434
China,2002,285288179
China,2003,219552435
China,2004,52949587
China,2005,83943106
China,2006,88739438
China,2007,120098776
China,2008,135088937
China,2009,93297967
China,2010,188902293
China,2011,153311345
China,2012,44562685
China,2013,27549425
China,2014,64912574
China,2015,3785759
China,2016,72201622
China,2017,14890393
China,2018,8338124
China,2019,5339601
China,2020,14925979
China,2021,17888974
China,2022,6309457
China,2023,2864655
China,2024,148287
China,2025,463214
Colombia,1906,0
Colombia,1923,0
Colombia,1926,0
Colombia,1936,0
Colombia,1949,0
Colombia,1950,40000
Colombia,1954,0
Colombia,1958,46
Colombia,1959,0
Colombia,1962,300
Colombia,1965,0
Colombia,1967,40200
Colombia,1968,1083
Colombia,1969,70000
Colombia,1970,5112006
Colombia,1971,0
Colombia,1972,0
Colombia,1973,5172
Colombia,1974,1000
Colombia,1976,16
Colombia,1977,100
Colombia,1979,113642
Colombia,1980,50
Colombia,1981,14000
Colombia,1982,0
Colombia,1983,36740
Colombia,1984,1940000
Colombia,1985,12700
Colombia,1986,278000
Colombia,1987,7286
Colombia,1988,232700
Colombia,1989,0
Colombia,1990,20625
Colombia,1991,984
Colombia,1992,1635
Colombia,1993,86852
Colombia,1994,55385
Colombia,1995,104201
Colombia,1996,180310
Colombia,1997,15000
Colombia,1998,100000
Colombia,1999,1360723
Colombia,2000,79430
Colombia,2001,13732
Colombia,2002,126538
Colombia,2003,40531
Colombia,2004,540020
Colombia,2005,604940
Colombia,2006,238465
Colombia,2007,2674662
Colombia,2008,1104209
Colombia,2009,151860
Colombia,2010,2248331
Colombia,2011,2036127
Colombia,2012,81518
Colombia,2013,61796
Colombia,2014,72232
Colombia,2015,168689
Colombia,2016,2272
Colombia,2017,76725
Colombia,2018,60000
Colombia,2019,39897
Colombia,2020,334429
Colombia,2021,50467
Colombia,2022,269508
Colombia,2023,46394
Colombia,2024,1405456
Colombia,2025,23366
Comoros,1903,0
Comoros,1951,0
Comoros,1977,25000
Comoros,1983,30052
Comoros,1985,35000
Comoros,1987,50000
Comoros,1989,0
Comoros,1991,200
Comoros,2003,300
Comoros,2005,284000
Comoros,2006,0
Comoros,2009,2500
Comoros,2012,65137
Comoros,2014,19511
Comoros,2019,345311
Comoros,2024,64155
Congo,1967,668
Congo,1983,0
Congo,1994,16500
Congo,1998,20000
Congo,1999,42000
Congo,2002,48350
Congo,2003,4650
Congo,2005,2000
Congo,2006,5000
Congo,2007,25000
Congo,2012,9614
Congo,2019,94122
Congo,2020,224878
Congo,2021,46652
Congo,2022,164679
Congo,2023,1125000
Congo,2024,675000
Cook Islands,1942,0
Cook Islands,1943,0
Cook Islands,1946,0
Cook Islands,1967,0
Cook Islands,1981,0
Cook Islands,1987,2000
Cook Islands,1990,0
Cook Islands,1997,900
Cook Islands,2001,744
Cook Islands,2005,608
Cook Islands,2010,2202
Costa Rica,1910,0
Costa Rica,1952,0
Costa Rica,1955,0
Costa Rica,1963,5200
Costa Rica,1968,15671
Costa Rica,1969,4603
Costa Rica,1970,15240
Costa Rica,1973,3745
Costa Rica,1975,0
Costa Rica,1976,70000
Costa Rica,1980,1350
Costa Rica,1983,5535
Costa Rica,1988,140000
Costa Rica,1990,14609
Costa Rica,1991,195590
Costa Rica,1992,1200
Costa Rica,1993,38691
Costa Rica,1994,2556
Costa Rica,1995,8062
Costa Rica,1996,736000
Costa Rica,1998,17150
Costa Rica,1999,9993
Costa Rica,2000,200
Costa Rica,2001,1437
Costa Rica,2002,95040
Costa Rica,2003,2635
Costa Rica,2004,3336
Costa Rica,2005,4072
Costa Rica,2007,24500
Costa Rica,2008,209498
Costa Rica,2009,128618
Costa Rica,2010,3106
Costa Rica,2011,46695
Costa Rica,2012,10285
Costa Rica,2015,28116
Costa Rica,2016,50000
Costa Rica,2017,11500
Costa Rica,2018,125190
Costa Rica,2019,0
Costa Rica,2020,25000
Costa Rica,2021,200000
Costa Rica,2022,300000
Costa Rica,2024,1102086
Cote d'Ivoire,1983,0
Cote d'Ivoire,1989,7000
Cote d'Ivoire,1996,0
Cote d'Ivoire,2007,2000
Cote d'Ivoire,2008,450
Cote d'Ivoire,2009,10006
Cote d'Ivoire,2010,6425
Cote d'Ivoire,2014,0
Cote d'Ivoire,2015,0
Cote d'Ivoire,2016,0
Cote d'Ivoire,2017,225
Cote d'Ivoire,2018,25000
Cote d'Ivoire,2019,14646
Cote d'Ivoire,2020,18657
Cote d'Ivoire,2022,11592
Cote d'Ivoire,2024,227
Cote d'Ivoire,2025,7
Croatia,1996,2000
Croatia,1997,0
Croatia,2000,200
Croatia,2001,1200
Croatia,2003,0
Croatia,2005,250
Croatia,2006,0
Croatia,2007,26
Croatia,2010,5210
Croatia,2012,1500
Croatia,2014,9616
Croatia,2015,1200
Croatia,2017,8080
Croatia,2018,471
Croatia,2019,65
Croatia,2020,228349
Croatia,2022,0
Croatia,2023,6277
Croatia,2024,0
Croatia,2025,0
Cuba,1909,0
Cuba,1912,0
Cuba,1926,0
Cuba,1932,0
Cuba,1933,0
Cuba,1935,500
Cuba,1944,0
Cuba,1948,300
Cuba,1955,205
Cuba,1963,0
Cuba,1964,0
Cuba,1966,174030
Cuba,1968,0
Cuba,1970,0
Cuba,1976,8
Cuba,1977,18000
Cuba,1978,170
Cuba,1980,0
Cuba,1982,180000
Cuba,1983,164575
Cuba,1985,501891
Cuba,1986,7500
Cuba,1987,0
Cuba,1988,151512
Cuba,1990,11000
Cuba,1992,14996
Cuba,1993,721775
Cuba,1994,149158
Cuba,1995,33343
Cuba,1996,347542
Cuba,1997,35000
Cuba,1998,967000
Cuba,1999,254990
Cuba,2000,675
Cuba,2001,5900012
Cuba,2002,358970
Cuba,2003,600
Cuba,2004,247250
Cuba,2005,2600000
Cuba,2006,1768
Cuba,2007,210488
Cuba,2008,519464
Cuba,2012,211101
Cuba,2013,227
Cuba,2015,110089
Cuba,2016,190000
Cuba,2017,10000000
Cuba,2018,40540
Cuba,2019,10111
Cuba,2020,4333
Cuba,2021,0
Cuba,2022,3209080
Cuba,2023,18500
Cuba,2024,4596007
Cyprus,1953,2600
Cyprus,1969,3100
Cyprus,1983,0
Cyprus,1995,1865
Cyprus,1998,100
Cyprus,2000,400
Cyprus,2003,30
Cyprus,2004,10
Cyprus,2007,0
Cyprus,2021,150
Cyprus,2022,0
Cyprus,2023,0
Cyprus,2024,469
Cyprus,2025,599
Czechia,1996,60
Czechia,1997,102107
Czechia,1998,5380
Czechia,2000,0
Czechia,2002,200000
Czechia,2003,0
Czechia,2005,3
Czechia,2006,4315
Czechia,2007,300
Czechia,2008,0
Czechia,2009,14462
Czechia,2010,8800
Czechia,2012,0
Czechia,2013,1300000
Czechia,2017,600
Czechia,2018,0
Czechia,2020,29
Czechia,2021,3815
Czechia,2022,3
Czechia,2023,0
Czechia,2024,250000
Czechoslovakia,1974,0
Czechoslovakia,1981,600
Czechoslovakia,1984,0
Czechoslovakia,1985,0
Czechoslovakia,1987,0
Democratic Republic of Congo,1966,3600
Democratic Republic of Congo,1968,768
Democratic Republic of Congo,1977,60000
Democratic Republic of Congo,1978,250000
Democratic Republic of Congo,1979,250000
Democratic Republic of Congo,1984,300000
Democratic Republic of Congo,1989,148
Democratic Republic of Congo,1990,27500
Democratic Republic of Congo,1992,311
Democratic Republic of Congo,1994,50
Democratic Republic of Congo,1997,35506
Democratic Republic of Congo,1999,78000
Democratic Republic of Congo,2001,13026
Democratic Republic of Congo,2002,112940
Democratic Republic of Congo,2003,24054
Democratic Republic of Congo,2005,6894
Democratic Republic of Congo,2006,88036
Democratic Republic of Congo,2007,1600
Democratic Republic of Congo,2008,17865
Democratic Republic of Congo,2009,5125
Democratic Republic of Congo,2010,74437
Democratic Republic of Congo,2011,8000
Democratic Republic of Congo,2012,4535
Democratic Republic of Congo,2014,4750
Democratic Republic of Congo,2015,247953
Democratic Republic of Congo,2016,12635
Democratic Republic of Congo,2017,510
Democratic Republic of Congo,2018,15760
Democratic Republic of Congo,2019,400344
Democratic Republic of Congo,2020,231506
Democratic Republic of Congo,2021,288404
Democratic Republic of Congo,2022,26233517
Democratic Republic of Congo,2023,53845
Democratic Republic of Congo,2024,2480150
Democratic Republic of Congo,2025,182161
Denmark,1976,20000
Denmark,1980,0
Denmark,1981,0
Denmark,1983,0
Denmark,1985,0
Denmark,1990,0
Denmark,1992,0
Denmark,1999,0
Denmark,2002,0
Denmark,2005,560
Denmark,2007,0
Denmark,2010,0
Denmark,2013,0
Denmark,2022,3
Denmark,2023,0
Denmark,2024,0
Djibouti,1977,91000
Djibouti,1978,106000
Djibouti,1980,145000
Djibouti,1981,102000
Djibouti,1983,39945
Djibouti,1984,40055
Djibouti,1988,30000
Djibouti,1989,150300
Djibouti,1993,20000
Djibouti,1994,120000
Djibouti,1995,775
Djibouti,1996,100000
Djibouti,2001,100000
Djibouti,2004,100000
Djibouti,2005,104430
Djibouti,2006,45570
Djibouti,2007,42750
Djibouti,2008,113952
Djibouti,2009,226048
Djibouti,2010,44746
Djibouti,2011,155512
Djibouti,2018,25000
Djibouti,2019,250000
Djibouti,2020,110000
Djibouti,2022,192168
Dominica,1956,0
Dominica,1963,0
Dominica,1970,0
Dominica,1979,72100
Dominica,1980,0
Dominica,1984,10000
Dominica,1989,710
Dominica,1995,5001
Dominica,1999,715
Dominica,2004,100
Dominica,2007,7530
Dominica,2011,240
Dominica,2015,28594
Dominica,2017,71393
Dominican Republic,1926,0
Dominican Republic,1930,12000
Dominican Republic,1946,0
Dominican Republic,1963,0
Dominican Republic,1964,0
Dominican Republic,1965,0
Dominican Republic,1966,12942
Dominican Republic,1968,240000
Dominican Republic,1979,1555000
Dominican Republic,1980,0
Dominican Republic,1981,150000
Dominican Republic,1983,0
Dominican Republic,1985,895
Dominican Republic,1986,2000
Dominican Republic,1987,0
Dominican Republic,1988,1191150
Dominican Republic,1989,0
Dominican Republic,1991,0
Dominican Republic,1993,20000
Dominican Republic,1995,2830
Dominican Republic,1996,26000
Dominican Republic,1998,975595
Dominican Republic,2001,175
Dominican Republic,2002,1750
Dominican Republic,2003,77478
Dominican Republic,2004,24261
Dominican Republic,2005,2450
Dominican Republic,2007,162763
Dominican Republic,2008,17002
Dominican Republic,2009,14565
Dominican Republic,2010,47200
Dominican Republic,2011,55200
Dominican Republic,2012,57085
Dominican Republic,2013,0
Dominican Republic,2014,300
Dominican Republic,2015,23333
Dominican Republic,2016,2795448
Dominican Republic,2017,42587
Dominican Republic,2018,15390
Dominican Republic,2020,15595
Dominican Republic,2021,4178
Dominican Republic,2022,1435269
Dominican Republic,2023,600402
Dominican Republic,2024,30000
East Germany,1984,0
East Germany,1985,0
East Timor,2001,2508
East Timor,2003,825
East Timor,2004,225
East Timor,2006,8730
East Timor,2007,947
East Timor,2015,2003
East Timor,2016,120000
East Timor,2020,9131
East Timor,2021,143670
Ecuador,1924,0
Ecuador,1931,0
Ecuador,1942,0
Ecuador,1949,100000
Ecuador,1950,0
Ecuador,1953,0
Ecuador,1964,600000
Ecuador,1965,50000
Ecuador,1966,0
Ecuador,1967,20500
Ecuador,1970,238712
Ecuador,1971,2406
Ecuador,1973,30000
Ecuador,1975,0
Ecuador,1976,45000
Ecuador,1980,40
Ecuador,1982,156410
Ecuador,1983,743590
Ecuador,1985,800
Ecuador,1987,166006
Ecuador,1989,30000
Ecuador,1990,6510
Ecuador,1992,205000
Ecuador,1993,75065
Ecuador,1994,0
Ecuador,1995,890
Ecuador,1996,30705
Ecuador,1997,65654
Ecuador,1998,19393
Ecuador,1999,24200
Ecuador,2000,417
Ecuador,2001,32300
Ecuador,2002,204283
Ecuador,2003,32905
Ecuador,2006,357933
Ecuador,2008,289122
Ecuador,2009,27200
Ecuador,2010,101547
Ecuador,2011,3750
Ecuador,2012,73805
Ecuador,2013,28732
Ecuador,2015,844213
Ecuador,2016,510480
Ecuador,2019,3409
Ecuador,2020,18975
Ecuador,2021,151809
Ecuador,2022,43183
Ecuador,2023,216810
Ecuador,2024,121127
Ecuador,2025,350042
Egypt,1926,0
Egypt,1954,0
Egypt,1955,28
Egypt,1969,551
Egypt,1975,0
Egypt,1979,81000
Egypt,1987,11
Egypt,1991,208
Egypt,1992,92649
Egypt,1993,300
Egypt,1994,160660
Egypt,1995,3069
Egypt,1996,260
Egypt,1997,60
Egypt,2000,105
Egypt,2002,1120
Egypt,2004,42
Egypt,2008,697
Egypt,2010,3540
Egypt,2015,201
Egypt,2016,32572
Egypt,2020,20400
Egypt,2021,6235
El Salvador,1934,0
El Salvador,1936,0
El Salvador,1951,0
El Salvador,1965,139720
El Salvador,1969,4640
El Salvador,1982,100500
El Salvador,1986,770000
El Salvador,1988,39060
El Salvador,1989,0
El Salvador,1992,8000
El Salvador,1993,0
El Salvador,1994,0
El Salvador,1995,1500
El Salvador,1996,0
El Salvador,1997,2000
El Salvador,1998,84000
El Salvador,1999,5450
El Salvador,2000,500
El Salvador,2001,1991550
El Salvador,2002,600
El Salvador,2005,77224
El Salvador,2006,16470
El Salvador,2007,3300
El Salvador,2008,3000
El Salvador,2009,90000
El Salvador,2010,11753
El Salvador,2011,300000
El Salvador,2013,63079
El Salvador,2015,320312
El Salvador,2016,399688
El Salvador,2017,584
El Salvador,2018,281751
El Salvador,2019,114617
El Salvador,2020,150365
El Salvador,2021,300
El Salvador,2022,9373
El Salvador,2023,500
El Salvador,2024,9050
Equatorial Guinea,2025,23155
Eritrea,1993,1615675
Eritrea,1999,136252
Eritrea,2000,540566
Eritrea,2001,540566
Eritrea,2002,540566
Eritrea,2003,542050
Eritrea,2004,7013
Eritrea,2008,1700000
Estonia,2005,5730
Estonia,2006,0
Estonia,2012,0
Estonia,2018,0
Estonia,2022,0
Estonia,2023,0
Estonia,2024,0
Eswatini,1983,0
Eswatini,1984,632500
Eswatini,1990,8081
Eswatini,1991,48357
Eswatini,1992,48357
Eswatini,1993,48357
Eswatini,1994,48357
Eswatini,1995,48491
Eswatini,2000,272000
Eswatini,2001,242334
Eswatini,2002,242334
Eswatini,2003,242334
Eswatini,2004,242998
Eswatini,2005,1150
Eswatini,2006,6535
Eswatini,2007,411500
Eswatini,2008,2500
Eswatini,2014,400
Eswatini,2016,418324
Eswatini,2017,73676
Eswatini,2019,232000
Eswatini,2021,0
Eswatini,2022,1058
Ethiopia,1961,0
Ethiopia,1965,1500000
Ethiopia,1968,16000
Ethiopia,1969,1700585
Ethiopia,1973,50080
Ethiopia,1974,589660
Ethiopia,1975,589660
Ethiopia,1976,659660
Ethiopia,1977,605660
Ethiopia,1978,592280
Ethiopia,1981,20000
Ethiopia,1983,3107610
Ethiopia,1984,4642390
Ethiopia,1985,28000
Ethiopia,1987,7000000
Ethiopia,1988,47240
Ethiopia,1989,311783
Ethiopia,1990,1586965
Ethiopia,1991,1236965
Ethiopia,1992,1236965
Ethiopia,1993,1271765
Ethiopia,1994,1283400
Ethiopia,1995,93875
Ethiopia,1996,115000
Ethiopia,1997,1051222
Ethiopia,1998,0
Ethiopia,1999,1372255
Ethiopia,2000,3705170
Ethiopia,2001,39500
Ethiopia,2002,4000
Ethiopia,2003,6401381
Ethiopia,2004,6308619
Ethiopia,2005,623718
Ethiopia,2006,2661846
Ethiopia,2007,247386
Ethiopia,2008,2972542
Ethiopia,2009,7265937
Ethiopia,2010,2558661
Ethiopia,2011,4469676
Ethiopia,2012,1376203
Ethiopia,2013,51500
Ethiopia,2015,2257310
Ethiopia,2016,6616435
Ethiopia,2017,2029935
Ethiopia,2018,21
Ethiopia,2019,200000
Ethiopia,2020,1229854
Ethiopia,2021,5480263
Ethiopia,2022,22331030
Ethiopia,2023,5093538
Ethiopia,2024,197075
Ethiopia,2025,180633
Europe,1902,142652
Europe,1904,1620
Europe,1905,22100
Europe,1906,0
Europe,1907,6000
Europe,1908,150000
Europe,1909,0
Europe,1910,200000
Europe,1911,0
Europe,1913,0
Europe,1914,669
Europe,1915,0
Europe,1916,0
Europe,1920,0
Europe,1921,5000000
Europe,1923,0
Europe,1924,0
Europe,1925,0
Europe,1926,140000
Europe,1928,6000
Europe,1929,0
Europe,1930,29456