Description,Quantity,InvoiceDate,UnitPrice,CustomerID,Country
WHITE HANGING HEART T-LIGHT HOLDER,6,12/1/2010 8:26,2.55,17850,United Kingdom
WHITE METAL LANTERN,6,12/1/2010 8:26,3.39,17850,United Kingdom
CREAM CUPID HEARTS COAT HANGER,8,12/1/2010 8:26,2.75,17850,United Kingdom
KNITTED UNION FLAG HOT WATER BOTTLE,6,12/1/2010 8:26,3.39,17850,United Kingdom
RED WOOLLY HOTTIE WHITE HEART.,6,12/1/2010 8:26,3.39,17850,United Kingdom
SET 7 BABUSHKA NESTING BOXES,2,12/1/2010 8:26,7.65,17850,United Kingdom
GLASS STAR FROSTED T-LIGHT HOLDER,6,12/1/2010 8:26,4.25,17850,United Kingdom
HAND WARMER UNION JACK,6,12/1/2010 8:28,1.85,17850,United Kingdom
HAND WARMER RED POLKA DOT,6,12/1/2010 8:28,1.85,17850,United Kingdom
ASSORTED COLOUR BIRD ORNAMENT,32,12/1/2010 8:34,1.69,13047,United Kingdom
POPPY'S PLAYHOUSE BEDROOM,6,12/1/2010 8:34,2.1,13047,United Kingdom
POPPY'S PLAYHOUSE KITCHEN,6,12/1/2010 8:34,2.1,13047,United Kingdom
FELTCRAFT PRINCESS CHARLOTTE DOLL,8,12/1/2010 8:34,3.75,13047,United Kingdom
IVORY KNITTED MUG COSY,6,12/1/2010 8:34,1.65,13047,United Kingdom
BOX OF 6 ASSORTED COLOUR TEASPOONS,6,12/1/2010 8:34,4.25,13047,United Kingdom
BOX OF VINTAGE JIGSAW BLOCKS,3,12/1/2010 8:34,4.95,13047,United Kingdom
BOX OF VINTAGE ALPHABET BLOCKS,2,12/1/2010 8:34,9.95,13047,United Kingdom
HOME BUILDING BLOCK WORD,3,12/1/2010 8:34,5.95,13047,United Kingdom
LOVE BUILDING BLOCK WORD,3,12/1/2010 8:34,5.95,13047,United Kingdom
RECIPE BOX WITH METAL HEART,4,12/1/2010 8:34,7.95,13047,United Kingdom
DOORMAT NEW ENGLAND,4,12/1/2010 8:34,7.95,13047,United Kingdom
JAM MAKING SET WITH JARS,6,12/1/2010 8:34,4.25,13047,United Kingdom
RED COAT RACK PARIS FASHION,3,12/1/2010 8:34,4.95,13047,United Kingdom
YELLOW COAT RACK PARIS FASHION,3,12/1/2010 8:34,4.95,13047,United Kingdom
BLUE COAT RACK PARIS FASHION,3,12/1/2010 8:34,4.95,13047,United Kingdom
BATH BUILDING BLOCK WORD,3,12/1/2010 8:35,5.95,13047,United Kingdom
ALARM CLOCK BAKELIKE PINK,24,12/1/2010 8:45,3.75,12583,France
ALARM CLOCK BAKELIKE RED,24,12/1/2010 8:45,3.75,12583,France
ALARM CLOCK BAKELIKE GREEN,12,12/1/2010 8:45,3.75,12583,France
PANDA AND BUNNIES STICKER SHEET,12,12/1/2010 8:45,0.85,12583,France
STARS GIFT TAPE,24,12/1/2010 8:45,0.65,12583,France
INFLATABLE POLITICAL GLOBE,48,12/1/2010 8:45,0.85,12583,France
VINTAGE HEADS AND TAILS CARD GAME,24,12/1/2010 8:45,1.25,12583,France
SET/2 RED RETROSPOT TEA TOWELS,18,12/1/2010 8:45,2.95,12583,France
ROUND SNACK BOXES SET OF4 WOODLAND,24,12/1/2010 8:45,2.95,12583,France
SPACEBOY LUNCH BOX,24,12/1/2010 8:45,1.95,12583,France
LUNCH BOX I LOVE LONDON,24,12/1/2010 8:45,1.95,12583,France
CIRCUS PARADE LUNCH BOX,24,12/1/2010 8:45,1.95,12583,France
CHARLOTTE BAG DOLLY GIRL DESIGN,20,12/1/2010 8:45,0.85,12583,France
RED TOADSTOOL LED NIGHT LIGHT,24,12/1/2010 8:45,1.65,12583,France
SET 2 TEA TOWELS I LOVE LONDON,24,12/1/2010 8:45,2.95,12583,France
VINTAGE SEASIDE JIGSAW PUZZLES,12,12/1/2010 8:45,3.75,12583,France
MINI JIGSAW CIRCUS PARADE,24,12/1/2010 8:45,0.42,12583,France
MINI JIGSAW SPACEBOY,24,12/1/2010 8:45,0.42,12583,France
MINI PAINT SET VINTAGE,36,12/1/2010 8:45,0.65,12583,France
POSTAGE,3,12/1/2010 8:45,18,12583,France
PAPER CHAIN KIT 50'S CHRISTMAS,80,12/1/2010 9:00,2.55,13748,United Kingdom
HAND WARMER RED POLKA DOT,6,12/1/2010 9:01,1.85,17850,United Kingdom
HAND WARMER UNION JACK,6,12/1/2010 9:01,1.85,17850,United Kingdom
WHITE HANGING HEART T-LIGHT HOLDER,6,12/1/2010 9:02,2.55,17850,United Kingdom
WHITE METAL LANTERN,6,12/1/2010 9:02,3.39,17850,United Kingdom
CREAM CUPID HEARTS COAT HANGER,8,12/1/2010 9:02,2.75,17850,United Kingdom
EDWARDIAN PARASOL RED,6,12/1/2010 9:02,4.95,17850,United Kingdom
RETRO COFFEE MUGS ASSORTED,6,12/1/2010 9:02,1.06,17850,United Kingdom
SAVE THE PLANET MUG,6,12/1/2010 9:02,1.06,17850,United Kingdom
VINTAGE BILLBOARD DRINK ME MUG,6,12/1/2010 9:02,1.06,17850,United Kingdom
VINTAGE BILLBOARD LOVE/HATE MUG,6,12/1/2010 9:02,1.06,17850,United Kingdom
WOOD 2 DRAWER CABINET WHITE FINISH,2,12/1/2010 9:02,4.95,17850,United Kingdom
WOOD S/3 CABINET ANT WHITE FINISH,4,12/1/2010 9:02,6.95,17850,United Kingdom
WOODEN PICTURE FRAME WHITE FINISH,6,12/1/2010 9:02,2.1,17850,United Kingdom
WOODEN FRAME ANTIQUE WHITE,6,12/1/2010 9:02,2.55,17850,United Kingdom
KNITTED UNION FLAG HOT WATER BOTTLE,6,12/1/2010 9:02,3.39,17850,United Kingdom
RED WOOLLY HOTTIE WHITE HEART.,6,12/1/2010 9:02,3.39,17850,United Kingdom
SET 7 BABUSHKA NESTING BOXES,2,12/1/2010 9:02,7.65,17850,United Kingdom
GLASS STAR FROSTED T-LIGHT HOLDER,6,12/1/2010 9:02,4.25,17850,United Kingdom
VICTORIAN SEWING BOX LARGE,32,12/1/2010 9:09,10.95,15100,United Kingdom
WHITE HANGING HEART T-LIGHT HOLDER,6,12/1/2010 9:32,2.55,17850,United Kingdom
WHITE METAL LANTERN,6,12/1/2010 9:32,3.39,17850,United Kingdom
CREAM CUPID HEARTS COAT HANGER,8,12/1/2010 9:32,2.75,17850,United Kingdom
EDWARDIAN PARASOL RED,6,12/1/2010 9:32,4.95,17850,United Kingdom
RETRO COFFEE MUGS ASSORTED,6,12/1/2010 9:32,1.06,17850,United Kingdom
SAVE THE PLANET MUG,6,12/1/2010 9:32,1.06,17850,United Kingdom
VINTAGE BILLBOARD DRINK ME MUG,6,12/1/2010 9:32,1.06,17850,United Kingdom
VINTAGE BILLBOARD LOVE/HATE MUG,6,12/1/2010 9:32,1.06,17850,United Kingdom
WOOD 2 DRAWER CABINET WHITE FINISH,2,12/1/2010 9:32,4.95,17850,United Kingdom
WOOD S/3 CABINET ANT WHITE FINISH,4,12/1/2010 9:32,6.95,17850,United Kingdom
WOODEN PICTURE FRAME WHITE FINISH,6,12/1/2010 9:32,2.1,17850,United Kingdom
WOODEN FRAME ANTIQUE WHITE,6,12/1/2010 9:32,2.55,17850,United Kingdom
KNITTED UNION FLAG HOT WATER BOTTLE,6,12/1/2010 9:32,3.39,17850,United Kingdom
RED WOOLLY HOTTIE WHITE HEART.,6,12/1/2010 9:32,3.39,17850,United Kingdom
SET 7 BABUSHKA NESTING BOXES,2,12/1/2010 9:32,7.65,17850,United Kingdom
GLASS STAR FROSTED T-LIGHT HOLDER,6,12/1/2010 9:32,4.25,17850,United Kingdom
HOT WATER BOTTLE TEA AND SYMPATHY,48,12/1/2010 9:32,3.45,15291,United Kingdom
RED HANGING HEART T-LIGHT HOLDER,64,12/1/2010 9:32,2.55,15291,United Kingdom
HAND WARMER RED POLKA DOT,6,12/1/2010 9:34,1.85,17850,United Kingdom
HAND WARMER UNION JACK,6,12/1/2010 9:34,1.85,17850,United Kingdom
JUMBO BAG PINK POLKADOT,10,12/1/2010 9:37,1.95,14688,United Kingdom
JUMBO  BAG BAROQUE BLACK WHITE,10,12/1/2010 9:37,1.95,14688,United Kingdom
JUMBO BAG CHARLIE AND LOLA TOYS,10,12/1/2010 9:37,2.95,14688,United Kingdom
STRAWBERRY CHARLOTTE BAG,10,12/1/2010 9:37,0.85,14688,United Kingdom
RED 3 PIECE RETROSPOT CUTLERY SET,12,12/1/2010 9:37,3.75,14688,United Kingdom
BLUE 3 PIECE POLKADOT CUTLERY SET,6,12/1/2010 9:37,3.75,14688,United Kingdom
SET/6 RED SPOTTY PAPER PLATES,12,12/1/2010 9:37,0.85,14688,United Kingdom
LUNCH BAG RED RETROSPOT,10,12/1/2010 9:37,1.65,14688,United Kingdom
STRAWBERRY LUNCH BOX WITH CUTLERY,6,12/1/2010 9:37,2.55,14688,United Kingdom
LUNCH BOX WITH CUTLERY RETROSPOT,6,12/1/2010 9:37,2.55,14688,United Kingdom
PACK OF 72 RETROSPOT CAKE CASES,120,12/1/2010 9:37,0.42,14688,United Kingdom
PACK OF 60 DINOSAUR CAKE CASES,24,12/1/2010 9:37,0.55,14688,United Kingdom
PACK OF 60 PINK PAISLEY CAKE CASES,24,12/1/2010 9:37,0.55,14688,United Kingdom
60 TEATIME FAIRY CAKE CASES,24,12/1/2010 9:37,0.55,14688,United Kingdom
TOMATO CHARLIE+LOLA COASTER SET,6,12/1/2010 9:37,2.95,14688,United Kingdom
CHARLIE & LOLA WASTEPAPER BIN FLORA,48,12/1/2010 9:37,1.25,14688,United Kingdom
RED CHARLIE+LOLA PERSONAL DOORSIGN,96,12/1/2010 9:37,0.38,14688,United Kingdom
JUMBO STORAGE BAG SUKI,10,12/1/2010 9:37,1.95,14688,United Kingdom
JUMBO BAG PINK VINTAGE PAISLEY,10,12/1/2010 9:37,1.95,14688,United Kingdom
JAM MAKING SET PRINTED,24,12/1/2010 9:41,1.45,17809,United Kingdom
RETROSPOT TEA SET CERAMIC 11 PC,23,12/1/2010 9:41,4.25,15311,United Kingdom
GIRLY PINK TOOL SET,5,12/1/2010 9:41,4.95,15311,United Kingdom
JUMBO SHOPPER VINTAGE RED PAISLEY,10,12/1/2010 9:41,1.95,15311,United Kingdom
"AIRLINE LOUNGE,METAL SIGN",2,12/1/2010 9:41,2.1,15311,United Kingdom
WHITE SPOT RED CERAMIC DRAWER KNOB,6,12/1/2010 9:41,1.25,15311,United Kingdom
RED DRAWER KNOB ACRYLIC EDWARDIAN,24,12/1/2010 9:41,1.25,15311,United Kingdom
CLEAR DRAWER KNOB ACRYLIC EDWARDIAN,24,12/1/2010 9:41,1.25,15311,United Kingdom
PHOTO CLIP LINE,1,12/1/2010 9:41,1.25,15311,United Kingdom
FELT EGG COSY CHICKEN,1,12/1/2010 9:41,0.85,15311,United Kingdom
PIGGY BANK RETROSPOT,1,12/1/2010 9:41,2.55,15311,United Kingdom
SKULL SHOULDER BAG,10,12/1/2010 9:41,1.65,15311,United Kingdom
YOU'RE CONFUSING ME METAL SIGN,3,12/1/2010 9:41,1.69,15311,United Kingdom
COOK WITH WINE METAL SIGN,1,12/1/2010 9:41,1.95,15311,United Kingdom
GIN + TONIC DIET METAL SIGN,2,12/1/2010 9:41,2.1,15311,United Kingdom
YELLOW BREAKFAST CUP AND SAUCER,1,12/1/2010 9:41,2.95,15311,United Kingdom
PINK BREAKFAST CUP AND SAUCER,1,12/1/2010 9:41,2.95,15311,United Kingdom
PAPER CHAIN KIT 50'S CHRISTMAS,4,12/1/2010 9:41,2.95,15311,United Kingdom
PAPER CHAIN KIT RETROSPOT,1,12/1/2010 9:41,2.95,15311,United Kingdom
SMALL HEART FLOWERS HOOK,6,12/1/2010 9:41,0.85,15311,United Kingdom
PHOTO CLIP LINE,3,12/1/2010 9:41,1.25,15311,United Kingdom
TEA TIME DES TEA COSY,2,12/1/2010 9:41,2.55,15311,United Kingdom
FELT EGG COSY WHITE RABBIT,1,12/1/2010 9:41,0.85,15311,United Kingdom
ZINC WILLIE WINKIE  CANDLE STICK,1,12/1/2010 9:41,0.85,15311,United Kingdom
CERAMIC CHERRY CAKE MONEY BANK,1,12/1/2010 9:41,1.45,15311,United Kingdom
RETROSPOT LARGE MILK JUG,1,12/1/2010 9:41,4.95,15311,United Kingdom
SET OF 6 FUNKY BEAKERS,2,12/1/2010 9:41,2.95,15311,United Kingdom
EDWARDIAN PARASOL BLACK,2,12/1/2010 9:41,5.95,15311,United Kingdom
EDWARDIAN PARASOL NATURAL,2,12/1/2010 9:41,5.95,15311,United Kingdom
CERAMIC STRAWBERRY CAKE MONEY BANK,4,12/1/2010 9:41,1.45,15311,United Kingdom
BLUE OWL SOFT TOY,1,12/1/2010 9:41,2.95,15311,United Kingdom
BALLOON ART MAKE YOUR OWN FLOWERS,1,12/1/2010 9:41,1.95,15311,United Kingdom
RED TOADSTOOL LED NIGHT LIGHT,2,12/1/2010 9:41,1.65,15311,United Kingdom
GLASS CLOCHE SMALL,3,12/1/2010 9:41,3.95,15311,United Kingdom
GUMBALL MONOCHROME COAT RACK,36,12/1/2010 9:41,1.06,15311,United Kingdom
DOORMAT FANCY FONT HOME SWEET HOME,10,12/1/2010 9:41,6.75,15311,United Kingdom
Discount,-1,12/1/2010 9:41,27.5,14527,United Kingdom
INFLATABLE POLITICAL GLOBE,12,12/1/2010 9:45,0.85,16098,United Kingdom
VINTAGE SNAKES & LADDERS,8,12/1/2010 9:45,3.75,16098,United Kingdom
CHOCOLATE CALCULATOR,12,12/1/2010 9:45,1.65,16098,United Kingdom
JUMBO SHOPPER VINTAGE RED PAISLEY,10,12/1/2010 9:45,1.95,16098,United Kingdom
RECYCLING BAG RETROSPOT,10,12/1/2010 9:45,2.1,16098,United Kingdom
TOY TIDY PINK POLKADOT,50,12/1/2010 9:45,1.85,16098,United Kingdom
ANTIQUE GLASS DRESSING TABLE POT,8,12/1/2010 9:45,2.95,16098,United Kingdom
ALARM CLOCK BAKELIKE GREEN,4,12/1/2010 9:45,3.75,16098,United Kingdom
IVORY GIANT GARDEN THERMOMETER,12,12/1/2010 9:45,5.95,16098,United Kingdom
3 TIER CAKE TIN GREEN AND CREAM,2,12/1/2010 9:45,14.95,16098,United Kingdom
3 TIER CAKE TIN RED AND CREAM,2,12/1/2010 9:45,14.95,16098,United Kingdom
SET 3 WICKER OVAL BASKETS W LIDS,4,12/1/2010 9:45,16.95,16098,United Kingdom
SET OF 3 COLOURED  FLYING DUCKS,-1,12/1/2010 9:49,4.65,15311,United Kingdom
WOOD BLACK BOARD ANT WHITE FINISH,3,12/1/2010 9:53,6.45,18074,United Kingdom
COLOUR GLASS T-LIGHT HOLDER HANGING,48,12/1/2010 9:53,0.65,18074,United Kingdom
HANGING METAL HEART LANTERN,12,12/1/2010 9:53,1.65,18074,United Kingdom
HANGING MEDINA LANTERN SMALL,6,12/1/2010 9:53,2.95,18074,United Kingdom
NATURAL SLATE HEART CHALKBOARD,12,12/1/2010 9:53,2.95,18074,United Kingdom
HEART OF WICKER SMALL,40,12/1/2010 9:53,1.45,18074,United Kingdom
HEART OF WICKER LARGE,40,12/1/2010 9:53,2.55,18074,United Kingdom
WHITE LOVEBIRD LANTERN,6,12/1/2010 9:53,2.95,18074,United Kingdom
CLASSIC METAL BIRDCAGE PLANT HOLDER,2,12/1/2010 9:53,12.75,18074,United Kingdom
CREAM HEART CARD HOLDER,4,12/1/2010 9:53,3.95,18074,United Kingdom
ENAMEL FLOWER JUG CREAM,3,12/1/2010 9:53,5.95,18074,United Kingdom
ENAMEL FIRE BUCKET CREAM,6,12/1/2010 9:53,6.95,18074,United Kingdom
ENAMEL BREAD BIN CREAM,8,12/1/2010 9:53,10.95,18074,United Kingdom
SET 3 WICKER OVAL BASKETS W LIDS,1,12/1/2010 9:56,19.95,17420,United Kingdom
JAM MAKING SET PRINTED,12,12/1/2010 9:56,1.45,17420,United Kingdom
JAM MAKING SET WITH JARS,6,12/1/2010 9:56,4.25,17420,United Kingdom
JUMBO BAG DOLLY GIRL DESIGN,10,12/1/2010 9:56,1.95,17420,United Kingdom
TRADITIONAL CHRISTMAS RIBBONS,12,12/1/2010 9:56,1.25,17420,United Kingdom
ORGANISER WOOD ANTIQUE WHITE,2,12/1/2010 9:56,8.5,17420,United Kingdom
LUNCH BAG DOLLY GIRL DESIGN,10,12/1/2010 9:56,1.65,17420,United Kingdom
WHITE WIRE EGG HOLDER,36,12/1/2010 9:57,4.95,16029,United Kingdom
JUMBO  BAG BAROQUE BLACK WHITE,100,12/1/2010 9:57,1.65,16029,United Kingdom
JUMBO BAG RED RETROSPOT,100,12/1/2010 9:57,1.65,16029,United Kingdom
CHILLI LIGHTS,192,12/1/2010 9:58,3.82,16029,United Kingdom
LIGHT GARLAND BUTTERFILES PINK,192,12/1/2010 9:58,3.37,16029,United Kingdom
WOODEN OWLS LIGHT GARLAND,192,12/1/2010 9:58,3.37,16029,United Kingdom
FAIRY TALE COTTAGE NIGHTLIGHT,432,12/1/2010 9:58,1.45,16029,United Kingdom
RED TOADSTOOL LED NIGHT LIGHT,432,12/1/2010 9:58,1.25,16029,United Kingdom
HOME BUILDING BLOCK WORD,3,12/1/2010 9:59,5.95,16250,United Kingdom
LOVE BUILDING BLOCK WORD,3,12/1/2010 9:59,5.95,16250,United Kingdom
DOORMAT FANCY FONT HOME SWEET HOME,2,12/1/2010 9:59,7.95,16250,United Kingdom
HOME SMALL WOOD LETTERS,3,12/1/2010 9:59,4.95,16250,United Kingdom
GINGHAM HEART  DOORSTOP RED,3,12/1/2010 9:59,4.25,16250,United Kingdom
FIVE HEART HANGING DECORATION,6,12/1/2010 9:59,2.95,16250,United Kingdom
HANGING METAL HEART LANTERN,12,12/1/2010 9:59,1.65,16250,United Kingdom
ASSORTED BOTTLE TOP  MAGNETS,12,12/1/2010 9:59,0.42,16250,United Kingdom
FRIDGE MAGNETS US DINER ASSORTED,12,12/1/2010 9:59,0.85,16250,United Kingdom
HOMEMADE JAM SCENTED CANDLES,12,12/1/2010 9:59,1.45,16250,United Kingdom
FRIDGE MAGNETS LES ENFANTS ASSORTED,12,12/1/2010 9:59,0.85,16250,United Kingdom
ROSE CARAVAN DOORSTOP,4,12/1/2010 9:59,6.75,16250,United Kingdom
HEART OF WICKER SMALL,12,12/1/2010 9:59,1.65,16250,United Kingdom
5 HOOK HANGER MAGIC TOADSTOOL,12,12/1/2010 9:59,1.65,16250,United Kingdom
CHRISTMAS LIGHTS 10 REINDEER,6,12/1/2010 10:03,8.5,12431,Australia
VINTAGE UNION JACK CUSHION COVER,8,12/1/2010 10:03,4.95,12431,Australia
VINTAGE HEADS AND TAILS CARD GAME,12,12/1/2010 10:03,1.25,12431,Australia
SET OF 3 COLOURED  FLYING DUCKS,6,12/1/2010 10:03,5.45,12431,Australia
SET OF 3 GOLD FLYING DUCKS,4,12/1/2010 10:03,6.35,12431,Australia
RED RETROSPOT UMBRELLA,6,12/1/2010 10:03,5.95,12431,Australia
BLACK/BLUE POLKADOT UMBRELLA,3,12/1/2010 10:03,5.95,12431,Australia
RED DINER WALL CLOCK,2,12/1/2010 10:03,8.5,12431,Australia
ALARM CLOCK BAKELIKE GREEN,4,12/1/2010 10:03,3.75,12431,Australia
ALARM CLOCK BAKELIKE RED,4,12/1/2010 10:03,3.75,12431,Australia
BLUE DINER WALL CLOCK,2,12/1/2010 10:03,8.5,12431,Australia
IVORY DINER WALL CLOCK,2,12/1/2010 10:03,8.5,12431,Australia
LARGE HEART MEASURING SPOONS,24,12/1/2010 10:03,1.65,12431,Australia
SMALL HEART MEASURING SPOONS,24,12/1/2010 10:03,0.85,12431,Australia
CHRISTMAS LIGHTS 10 REINDEER,2,12/1/2010 10:19,8.5,17511,United Kingdom
JAM MAKING SET WITH JARS,12,12/1/2010 10:19,3.75,17511,United Kingdom
JAM MAKING SET PRINTED,12,12/1/2010 10:19,1.45,17511,United Kingdom
JAM JAR WITH PINK LID,48,12/1/2010 10:19,0.72,17511,United Kingdom
JAM JAR WITH GREEN LID,48,12/1/2010 10:19,0.72,17511,United Kingdom
ROSE COTTAGE KEEPSAKE BOX,8,12/1/2010 10:19,8.5,17511,United Kingdom
HANGING HEART ZINC T-LIGHT HOLDER,144,12/1/2010 10:19,0.64,17511,United Kingdom
PAPER CHAIN KIT VINTAGE CHRISTMAS,40,12/1/2010 10:19,2.55,17511,United Kingdom
DISCO BALL CHRISTMAS DECORATION,288,12/1/2010 10:19,0.1,17511,United Kingdom
WHITE HANGING HEART T-LIGHT HOLDER,64,12/1/2010 10:19,2.55,17511,United Kingdom
SMALL POPCORN HOLDER,100,12/1/2010 10:19,0.72,17511,United Kingdom
LARGE POPCORN HOLDER,50,12/1/2010 10:19,1.45,17511,United Kingdom
RETROSPOT LARGE MILK JUG,12,12/1/2010 10:19,4.25,17511,United Kingdom
SET/20 RED RETROSPOT PAPER NAPKINS,96,12/1/2010 10:19,0.64,17511,United Kingdom
SET/6 RED SPOTTY PAPER PLATES,96,12/1/2010 10:19,0.64,17511,United Kingdom
SET/6 RED SPOTTY PAPER CUPS,48,12/1/2010 10:19,0.65,17511,United Kingdom
POLKADOT RAIN HAT,144,12/1/2010 10:19,0.32,17511,United Kingdom
DELUXE SEWING KIT,40,12/1/2010 10:19,4.95,17511,United Kingdom
RETROSPOT HEART HOT WATER BOTTLE,24,12/1/2010 10:19,4.25,17511,United Kingdom
KNITTED UNION FLAG HOT WATER BOTTLE,24,12/1/2010 10:19,3.39,17511,United Kingdom
ENGLISH ROSE HOT WATER BOTTLE,24,12/1/2010 10:19,3.75,17511,United Kingdom
PHOTO CUBE,48,12/1/2010 10:19,1.48,17511,United Kingdom
HOMEMADE JAM SCENTED CANDLES,96,12/1/2010 10:19,1.25,17511,United Kingdom
JUMBO BAG RED RETROSPOT,100,12/1/2010 10:19,1.65,17511,United Kingdom
PLASTERS IN TIN CIRCUS PARADE,-12,12/1/2010 10:24,1.65,17548,United Kingdom
PACK OF 12 PINK PAISLEY TISSUES,-24,12/1/2010 10:24,0.29,17548,United Kingdom
PACK OF 12 BLUE PAISLEY TISSUES,-24,12/1/2010 10:24,0.29,17548,United Kingdom
PACK OF 12 RED RETROSPOT TISSUES,-24,12/1/2010 10:24,0.29,17548,United Kingdom
CHICK GREY HOT WATER BOTTLE,-12,12/1/2010 10:24,3.45,17548,United Kingdom
PLASTERS IN TIN VINTAGE PAISLEY,-12,12/1/2010 10:24,1.65,17548,United Kingdom
PLASTERS IN TIN SKULLS,-24,12/1/2010 10:24,1.65,17548,United Kingdom
3 STRIPEY MICE FELTCRAFT,6,12/1/2010 10:29,1.95,13705,United Kingdom
SET OF 6 SOLDIER SKITTLES,4,12/1/2010 10:29,3.75,13705,United Kingdom
TRADITIONAL WOODEN SKIPPING ROPE,12,12/1/2010 10:29,1.25,13705,United Kingdom
WOODEN BOX OF DOMINOES,12,12/1/2010 10:29,1.25,13705,United Kingdom
RUSTIC  SEVENTEEN DRAWER SIDEBOARD,1,12/1/2010 10:29,165,13705,United Kingdom
PARTY CONES CARNIVAL ASSORTED,12,12/1/2010 10:29,1.25,13705,United Kingdom
PARTY CONES CANDY ASSORTED,12,12/1/2010 10:29,1.25,13705,United Kingdom
PICNIC BASKET WICKER SMALL,4,12/1/2010 10:29,5.95,13705,United Kingdom
ASSORTED COLOUR BIRD ORNAMENT,16,12/1/2010 10:29,1.69,13705,United Kingdom
STAR DECORATION PAINTED ZINC,24,12/1/2010 10:29,0.65,13705,United Kingdom
RETROSPOT LAMP,8,12/1/2010 10:37,9.95,13747,United Kingdom
"FANCY FONT BIRTHDAY CARD, ",24,12/1/2010 10:39,0.42,13408,United Kingdom
HAND WARMER UNION JACK,96,12/1/2010 10:39,1.85,13408,United Kingdom
HAND WARMER SCOTTY DOG DESIGN,96,12/1/2010 10:39,1.85,13408,United Kingdom
HAND WARMER OWL DESIGN,96,12/1/2010 10:39,1.85,13408,United Kingdom
HAND WARMER RED RETROSPOT,96,12/1/2010 10:39,1.85,13408,United Kingdom
RETROSPOT HEART HOT WATER BOTTLE,12,12/1/2010 10:39,4.95,13408,United Kingdom
DOG BOWL CHASING BALL DESIGN,12,12/1/2010 10:39,3.75,13408,United Kingdom
CLOTHES PEGS RETROSPOT PACK 24,48,12/1/2010 10:39,1.25,13408,United Kingdom
HAND OVER THE CHOCOLATE   SIGN,12,12/1/2010 10:39,2.1,13408,United Kingdom
WHITE HANGING HEART T-LIGHT HOLDER,32,12/1/2010 10:39,2.55,13408,United Kingdom
TRAVEL SEWING KIT,20,12/1/2010 10:39,1.65,13408,United Kingdom
BLACK HEART CARD HOLDER,8,12/1/2010 10:47,3.95,13767,United Kingdom
ASSORTED COLOUR BIRD ORNAMENT,32,12/1/2010 10:47,1.69,13767,United Kingdom
PACK OF 60 PINK PAISLEY CAKE CASES,24,12/1/2010 10:47,0.55,13767,United Kingdom
60 TEATIME FAIRY CAKE CASES,24,12/1/2010 10:47,0.55,13767,United Kingdom
PACK OF 72 RETROSPOT CAKE CASES,24,12/1/2010 10:47,0.55,13767,United Kingdom
CHICK GREY HOT WATER BOTTLE,8,12/1/2010 10:47,3.45,13767,United Kingdom
SMALL GLASS HEART TRINKET POT,8,12/1/2010 10:47,2.1,13767,United Kingdom
ALARM CLOCK BAKELIKE IVORY,4,12/1/2010 10:47,3.75,13767,United Kingdom
ALARM CLOCK BAKELIKE RED,8,12/1/2010 10:47,3.75,13767,United Kingdom
ALARM CLOCK BAKELIKE ORANGE,8,12/1/2010 10:47,3.75,13767,United Kingdom
ALARM CLOCK BAKELIKE GREEN,8,12/1/2010 10:47,3.75,13767,United Kingdom
HOT WATER BOTTLE TEA AND SYMPATHY,8,12/1/2010 10:47,3.95,13767,United Kingdom
HAND WARMER BIRD DESIGN,48,12/1/2010 10:47,2.1,13767,United Kingdom
HAND WARMER SCOTTY DOG DESIGN,48,12/1/2010 10:47,2.1,13767,United Kingdom
WHITE HANGING HEART T-LIGHT HOLDER,6,12/1/2010 10:51,2.55,17850,United Kingdom
WHITE METAL LANTERN,6,12/1/2010 10:51,3.39,17850,United Kingdom
CREAM CUPID HEARTS COAT HANGER,8,12/1/2010 10:51,2.75,17850,United Kingdom
EDWARDIAN PARASOL BLACK,6,12/1/2010 10:51,4.95,17850,United Kingdom
EDWARDIAN PARASOL RED,6,12/1/2010 10:51,4.95,17850,United Kingdom
RETRO COFFEE MUGS ASSORTED,6,12/1/2010 10:51,1.06,17850,United Kingdom
SAVE THE PLANET MUG,6,12/1/2010 10:51,1.06,17850,United Kingdom
VINTAGE BILLBOARD DRINK ME MUG,6,12/1/2010 10:51,1.06,17850,United Kingdom
VINTAGE BILLBOARD LOVE/HATE MUG,6,12/1/2010 10:51,1.06,17850,United Kingdom
WOOD 2 DRAWER CABINET WHITE FINISH,2,12/1/2010 10:51,4.95,17850,United Kingdom
WOOD S/3 CABINET ANT WHITE FINISH,4,12/1/2010 10:51,6.95,17850,United Kingdom
WOODEN PICTURE FRAME WHITE FINISH,6,12/1/2010 10:51,2.1,17850,United Kingdom
WOODEN FRAME ANTIQUE WHITE,12,12/1/2010 10:51,2.55,17850,United Kingdom
KNITTED UNION FLAG HOT WATER BOTTLE,6,12/1/2010 10:51,3.39,17850,United Kingdom
RED WOOLLY HOTTIE WHITE HEART.,6,12/1/2010 10:51,3.39,17850,United Kingdom
SET 7 BABUSHKA NESTING BOXES,2,12/1/2010 10:51,7.65,17850,United Kingdom
IVORY EMBROIDERED QUILT,2,12/1/2010 10:51,35.75,17850,United Kingdom
GLASS STAR FROSTED T-LIGHT HOLDER,6,12/1/2010 10:51,4.25,17850,United Kingdom
SET OF 3 BLACK FLYING DUCKS,12,12/1/2010 10:51,4.65,17924,United Kingdom
SET OF 3 COLOURED  FLYING DUCKS,48,12/1/2010 10:51,4.65,17924,United Kingdom
PACK OF 12 RED RETROSPOT TISSUES,24,12/1/2010 10:52,0.29,13448,United Kingdom
RED RETROSPOT MUG,6,12/1/2010 10:52,2.95,13448,United Kingdom
BABUSHKA LIGHTS STRING OF 10,4,12/1/2010 10:52,6.75,13448,United Kingdom
PIGGY BANK RETROSPOT,8,12/1/2010 10:52,2.55,13448,United Kingdom
SET 7 BABUSHKA NESTING BOXES,6,12/1/2010 10:52,8.5,13448,United Kingdom
DOORMAT FAIRY CAKE,2,12/1/2010 10:52,7.95,13448,United Kingdom
HAND WARMER RED RETROSPOT,12,12/1/2010 10:52,2.1,13448,United Kingdom
HAND WARMER SCOTTY DOG DESIGN,12,12/1/2010 10:52,2.1,13448,United Kingdom
HAND WARMER OWL DESIGN,12,12/1/2010 10:52,2.1,13448,United Kingdom
STRAWBERRY CERAMIC TRINKET BOX,12,12/1/2010 10:52,1.25,13448,United Kingdom
PINK DOUGHNUT TRINKET POT,12,12/1/2010 10:52,1.65,13448,United Kingdom
SILK PURSE BABUSHKA PINK,6,12/1/2010 10:52,3.35,13448,United Kingdom
HOT WATER BOTTLE TEA AND SYMPATHY,4,12/1/2010 10:52,3.95,13448,United Kingdom
HOT WATER BOTTLE I AM SO POORLY,8,12/1/2010 10:52,4.65,13448,United Kingdom
CHOCOLATE HOT WATER BOTTLE,9,12/1/2010 10:52,4.95,13448,United Kingdom
WHITE SKULL HOT WATER BOTTLE,4,12/1/2010 10:52,3.75,13448,United Kingdom
SCOTTIE DOG HOT WATER BOTTLE,9,12/1/2010 10:52,4.95,13448,United Kingdom
HAND WARMER RED POLKA DOT,6,12/1/2010 10:52,1.85,17850,United Kingdom
HAND WARMER UNION JACK,6,12/1/2010 10:52,1.85,17850,United Kingdom
HOMEMADE JAM SCENTED CANDLES,12,12/1/2010 10:53,1.45,13448,United Kingdom
BIRD HOUSE HOT WATER BOTTLE,1,12/1/2010 11:21,2.55,15862,United Kingdom
BOUDOIR SQUARE TISSUE BOX,1,12/1/2010 11:21,1.25,15862,United Kingdom
SKULLS SQUARE TISSUE BOX,2,12/1/2010 11:21,1.25,15862,United Kingdom
PHOTO FRAME CORNICE,1,12/1/2010 11:21,2.95,15862,United Kingdom
SILK PURSE BABUSHKA RED,1,12/1/2010 11:21,3.35,15862,United Kingdom
PICTURE DOMINOES,1,12/1/2010 11:21,1.45,15862,United Kingdom
S/6 SEW ON CROCHET FLOWERS,1,12/1/2010 11:21,1.25,15862,United Kingdom
SCANDINAVIAN REDS RIBBONS,2,12/1/2010 11:21,1.25,15862,United Kingdom
BALLOONS  WRITING SET,1,12/1/2010 11:21,1.65,15862,United Kingdom
JAM MAKING SET PRINTED,4,12/1/2010 11:21,1.45,15862,United Kingdom
LAVENDER INCENSE IN TIN,1,12/1/2010 11:21,1.25,15862,United Kingdom
TV DINNER TRAY VINTAGE PAISLEY,1,12/1/2010 11:21,4.95,15862,United Kingdom
SET OF 4 ENGLISH ROSE PLACEMATS,2,12/1/2010 11:21,3.75,15862,United Kingdom
SET OF 4 ENGLISH ROSE COASTERS,2,12/1/2010 11:21,1.25,15862,United Kingdom
TRIPLE PHOTO FRAME CORNICE,2,12/1/2010 11:21,9.95,15862,United Kingdom
FAMILY PHOTO FRAME CORNICE,1,12/1/2010 11:21,9.95,15862,United Kingdom
MIRRORED DISCO BALL,1,12/1/2010 11:21,5.95,15862,United Kingdom
DISCO BALL ROTATOR BATTERY OPERATED,1,12/1/2010 11:21,4.25,15862,United Kingdom
SILVER LOOKING MIRROR,3,12/1/2010 11:21,4.95,15862,United Kingdom
LADIES & GENTLEMEN METAL SIGN,1,12/1/2010 11:21,2.55,15862,United Kingdom
METAL SIGN HER DINNER IS SERVED,1,12/1/2010 11:21,2.95,15862,United Kingdom
YOU'RE CONFUSING ME METAL SIGN,2,12/1/2010 11:21,1.69,15862,United Kingdom
DOORMAT TOPIARY,1,12/1/2010 11:21,7.95,15862,United Kingdom
BATHROOM METAL SIGN,1,12/1/2010 11:21,0.55,15862,United Kingdom
KITCHEN METAL SIGN,1,12/1/2010 11:21,0.55,15862,United Kingdom
TOILET METAL SIGN,2,12/1/2010 11:21,0.55,15862,United Kingdom
METAL SIGN TAKE IT OR LEAVE IT,4,12/1/2010 11:21,2.95,15862,United Kingdom
I'M ON HOLIDAY METAL SIGN,2,12/1/2010 11:21,2.1,15862,United Kingdom
GROW YOUR OWN BASIL IN ENAMEL MUG,1,12/1/2010 11:21,2.1,15862,United Kingdom
SET/10 PINK POLKADOT PARTY CANDLES,1,12/1/2010 11:21,1.25,15862,United Kingdom
SET 20 NAPKINS FAIRY CAKES DESIGN,1,12/1/2010 11:21,0.85,15862,United Kingdom
60 TEATIME FAIRY CAKE CASES,3,12/1/2010 11:21,0.55,15862,United Kingdom
SET OF 6 T-LIGHTS SNOWMEN,1,12/1/2010 11:21,2.95,15862,United Kingdom
SET OF 6 T-LIGHTS SANTA,1,12/1/2010 11:21,2.95,15862,United Kingdom
SET OF 9 HEART SHAPED BALLOONS,2,12/1/2010 11:21,1.25,15862,United Kingdom
SANDWICH BATH SPONGE,3,12/1/2010 11:21,1.25,15862,United Kingdom
APPLE BATH SPONGE,1,12/1/2010 11:21,1.25,15862,United Kingdom
STRAWBERRY BATH SPONGE,1,12/1/2010 11:21,1.25,15862,United Kingdom
BLACK PIRATE TREASURE CHEST,2,12/1/2010 11:21,1.65,15862,United Kingdom
STAR PORTABLE TABLE LIGHT,2,12/1/2010 11:21,2.95,15862,United Kingdom
SNOWFLAKE PORTABLE TABLE LIGHT,2,12/1/2010 11:21,2.95,15862,United Kingdom
PINK OVAL JEWELLED MIRROR,1,12/1/2010 11:21,5.95,15862,United Kingdom
RETROSPOT CIGAR BOX MATCHES,1,12/1/2010 11:21,1.25,15862,United Kingdom
COSY HOUR GIANT TUBE MATCHES,2,12/1/2010 11:21,2.55,15862,United Kingdom
JAZZ HEARTS PURSE NOTEBOOK,9,12/1/2010 11:21,0.85,15862,United Kingdom
LUNCH BAG DOLLY GIRL DESIGN,1,12/1/2010 11:21,1.65,15862,United Kingdom
WHITE HANGING HEART T-LIGHT HOLDER,4,12/1/2010 11:21,2.95,15862,United Kingdom
CANDLEHOLDER PINK HANGING HEART,3,12/1/2010 11:21,2.95,15862,United Kingdom
WOOD 2 DRAWER CABINET WHITE FINISH,1,12/1/2010 11:21,5.95,15862,United Kingdom
ASSORTED COLOUR MINI CASES,1,12/1/2010 11:21,7.95,15862,United Kingdom
LUNCH BAG RED RETROSPOT,1,12/1/2010 11:21,1.65,15862,United Kingdom
LUNCH BAG SPACEBOY DESIGN,2,12/1/2010 11:21,1.65,15862,United Kingdom
LUNCH BAG WOODLAND,1,12/1/2010 11:21,1.65,15862,United Kingdom
LUNCH BAG PINK POLKADOT,1,12/1/2010 11:21,1.65,15862,United Kingdom
GUMBALL COAT RACK,5,12/1/2010 11:21,2.55,15862,United Kingdom
BLUE NEW BAROQUE CANDLESTICK CANDLE,3,12/1/2010 11:21,2.95,15862,United Kingdom
PINK NEW BAROQUECANDLESTICK CANDLE,3,12/1/2010 11:21,2.95,15862,United Kingdom
FAIRY CAKE FLANNEL ASSORTED COLOUR,9,12/1/2010 11:21,2.55,15862,United Kingdom
BREAD BIN DINER STYLE PINK,1,12/1/2010 11:21,16.95,15862,United Kingdom
JUMBO BAG CHARLIE AND LOLA TOYS,4,12/1/2010 11:21,2.95,15862,United Kingdom
TEA TIME TABLE CLOTH,1,12/1/2010 11:21,10.65,15862,United Kingdom
ENGLISH ROSE HOT WATER BOTTLE,1,12/1/2010 11:21,4.25,15862,United Kingdom
ENAMEL FIRE BUCKET CREAM,2,12/1/2010 11:21,6.95,15862,United Kingdom
PICNIC BASKET WICKER SMALL,2,12/1/2010 11:21,5.95,15862,United Kingdom
PAPER CHAIN KIT 50'S CHRISTMAS,40,12/1/2010 11:22,2.55,15513,United Kingdom
PAPER CHAIN KIT VINTAGE CHRISTMAS,40,12/1/2010 11:22,2.55,15513,United Kingdom
HOT WATER BOTTLE BABUSHKA,36,12/1/2010 11:22,4.25,15513,United Kingdom
HAND WARMER BIRD DESIGN,96,12/1/2010 11:27,1.85,12791,Netherlands
POSTAGE,1,12/1/2010 11:27,15,12791,Netherlands
HEART IVORY TRELLIS SMALL,24,12/1/2010 11:29,1.25,16218,United Kingdom
CLEAR DRAWER KNOB ACRYLIC EDWARDIAN,12,12/1/2010 11:29,1.25,16218,United Kingdom
PINK DRAWER KNOB ACRYLIC EDWARDIAN,12,12/1/2010 11:29,1.25,16218,United Kingdom
GREEN DRAWER KNOB ACRYLIC EDWARDIAN,12,12/1/2010 11:29,1.25,16218,United Kingdom
BLUE DRAWER KNOB ACRYLIC EDWARDIAN,12,12/1/2010 11:29,1.25,16218,United Kingdom
HEART OF WICKER SMALL,12,12/1/2010 11:29,1.65,16218,United Kingdom
SMALL POPCORN HOLDER,36,12/1/2010 11:29,0.85,16218,United Kingdom
SET 6 FOOTBALL CELEBRATION CANDLES,12,12/1/2010 11:29,1.25,16218,United Kingdom
SET OF 6 GIRLS CELEBRATION CANDLES,12,12/1/2010 11:29,1.25,16218,United Kingdom
ROMANTIC PINKS RIBBONS,12,12/1/2010 11:29,1.25,16218,United Kingdom
BRIGHT BLUES RIBBONS,12,12/1/2010 11:29,1.25,16218,United Kingdom
SCANDINAVIAN REDS RIBBONS,12,12/1/2010 11:29,1.25,16218,United Kingdom